Номер Z-конфигурации,КлчПост/Потребн,Базовая ЕИ,Количество (Норматив),VID_PROD_GP,TOL,SHIRINA,DLINA,VID_TO,MARKA,ST_PROD
401077983,"53,526",Т,"1197,6",P0,58,2440,15578,БЕЗ ТО,S355NL,EN 10025-3:2019(Е)
401090004,"55,476",Т,"1197,6",P0,"32,2",2260,15578,БЕЗ ТО,S355NL,EN 10025-3:2019(Е)
401090006,"47,301",Т,"1197,6",P0,33,1880,15578,БЕЗ ТО,S355NL,EN 10025-3:2019(Е)
401090005,"46,477",Т,"1197,6",P0,38,1609,15578,БЕЗ ТО,S355NL,EN 10025-3:2019(Е)
401089979,"143,408",Т,"1197,6",P0,58,2450,15588,БЕЗ ТО,S355NL,EN 10025-3:2019(Е)
401089980,"143,408",Т,"1197,6",P0,58,2450,15588,БЕЗ ТО,S355NL,EN 10025-3:2019(Е)
401089988,"64,591",Т,"1197,6",P0,38,2240,15578,БЕЗ ТО,S355NL,EN 10025-3:2019(Е)
401089996,"155,545",Т,"1197,6",P0,54,1750,15588,БЕЗ ТО,S355NL,EN 10025-3:2019(Е)
401089997,"78,050",Т,"1197,6",P0,"31,3",2791,15649,БЕЗ ТО,S355NL,EN 10025-3:2019(Е)
401089987,"48,273",Т,"1197,6",P0,"24,8",2540,15650,БЕЗ ТО,S355NL,EN 10025-3:2019(Е)
401089999,"49,782",Т,"1197,6",P0,"25,4",2540,15650,БЕЗ ТО,S355NL,EN 10025-3:2019(Е)
401090008,"67,883",Т,"1197,6",P0,26,2540,15650,БЕЗ ТО,S355NL,EN 10025-3:2019(Е)
401089998,"43,528",Т,"1197,6",P0,"26,7",2540,15650,БЕЗ ТО,S355NL,EN 10025-3:2019(Е)
401090007,"53,364",Т,"1197,6",P0,"27,3",2540,15650,БЕЗ ТО,S355NL,EN 10025-3:2019(Е)
401090039,"54,684",Т,"1197,6",P0,28,2540,15650,БЕЗ ТО,S355NL,EN 10025-3:2019(Е)
401090013,"47,511",Т,"1197,6",P0,"31,3",2377,15650,БЕЗ ТО,S355NL,EN 10025-3:2019(Е)
401090035,"48,261",Т,"1197,6",P0,"24,6",2556,15671,БЕЗ ТО,S355NL,EN 10025-3:2019(Е)
401090040,"32,415",Т,"1197,6",P0,"19,8",2540,15671,БЕЗ ТО,S355NL,EN 10025-3:2019(Е)
401090009,"33,360",Т,"1197,6",P0,"20,4",2540,15671,БЕЗ ТО,S355NL,EN 10025-3:2019(Е)
401090046,"54,883",Т,"1197,6",P0,21,2540,15671,БЕЗ ТО,S355NL,EN 10025-3:2019(Е)
401089989,"56,393",Т,"1197,6",P0,"21,6",2540,15671,БЕЗ ТО,S355NL,EN 10025-3:2019(Е)
401090010,"43,428",Т,"1197,6",P0,"22,2",2540,15671,БЕЗ ТО,S355NL,EN 10025-3:2019(Е)
401090022,"51,989",Т,"1197,6",P0,"22,8",2540,15671,БЕЗ ТО,S355NL,EN 10025-3:2019(Е)
401089990,"45,834",Т,"1197,6",P0,"24,6",2427,15671,БЕЗ ТО,S355NL,EN 10025-3:2019(Е)
401090021,"38,928",Т,"1197,6",P0,"19,7",2552,15686,БЕЗ ТО,S355NL,EN 10025-3:2019(Е)
401090032,"34,614",Т,"1197,6",P0,"16,1",2909,14860,БЕЗ ТО,S355NL,EN 10025-3:2019(Е)
401090000,"41,164",Т,"1197,6",P0,"16,3",2910,14965,БЕЗ ТО,S355NL,EN 10025-3:2019(Е)
401090012,"29,982",Т,"1197,6",P0,"16,5",2910,15071,БЕЗ ТО,S355NL,EN 10025-3:2019(Е)
401090015,"36,871",Т,"1197,6",P0,"16,8",2911,15177,БЕЗ ТО,S355NL,EN 10025-3:2019(Е)
401090045,"37,771",Т,"1197,6",P0,"17,1",2912,15282,БЕЗ ТО,S355NL,EN 10025-3:2019(Е)
401090031,"52,128",Т,"1197,6",P0,"17,6",2912,15388,БЕЗ ТО,S355NL,EN 10025-3:2019(Е)
401090023,"47,173",Т,"1197,6",P0,"18,1",2912,15494,БЕЗ ТО,S355NL,EN 10025-3:2019(Е)
401090017,"18,936",Т,"1197,6",P0,"18,6",2640,15589,БЕЗ ТО,S355NL,EN 10025-3:2019(Е)
401090043,"47,344",Т,"1197,6",P0,"19,7",2661,15685,БЕЗ ТО,S355NL,EN 10025-3:2019(Е)
401090044,"29,505",Т,"1174,7",P0,45,2220,12083,БЕЗ ТО,S355NL,EN 10025-3:2019(Е)
401090042,"25,903",Т,"1174,7",P0,25,1711,12253,БЕЗ ТО,S355NL,EN 10025-3:2019(Е)
401090037,"30,944",Т,"1174,7",P0,"15,9",2344,12495,БЕЗ ТО,S355NL,EN 10025-3:2019(Е)
401090038,"22,082",Т,"1174,7",P0,"15,7",2217,12722,БЕЗ ТО,S355NL,EN 10025-3:2019(Е)
401090033,"25,086",Т,"1174,7",P0,"15,7",2470,12977,БЕЗ ТО,S355NL,EN 10025-3:2019(Е)
401090016,"29,136",Т,"1174,7",P0,"15,6",2824,13272,БЕЗ ТО,S355NL,EN 10025-3:2019(Е)
401090018,"30,590",Т,"1174,7",P0,"15,6",2828,13567,БЕЗ ТО,S355NL,EN 10025-3:2019(Е)
401090036,"25,438",Т,"1174,7",P0,"15,6",2833,13862,БЕЗ ТО,S355NL,EN 10025-3:2019(Е)
401090019,"36,620",Т,"1197,6",P0,"15,7",2836,14154,БЕЗ ТО,S355NL,EN 10025-3:2019(Е)
401090439,"32,298",Т,"1197,6",P0,"15,8",2841,14452,БЕЗ ТО,S355NL,EN 10025-3:2019(Е)
401090475,"39,200",Т,"1197,6",P0,"16,1",2845,14747,БЕЗ ТО,S355NL,EN 10025-3:2019(Е)
401101299,"18,492",Т,"1197,6",P0,"32,2",2260,15578,БЕЗ ТО,S355NL,EN 10025-3:2019(Е)
401101361,"15,767",Т,"1197,6",P0,33,1880,15578,БЕЗ ТО,S355NL,EN 10025-3:2019(Е)
401101353,"7,746",Т,"1197,6",P0,38,1609,15578,БЕЗ ТО,S355NL,EN 10025-3:2019(Е)
401101315,"35,852",Т,"1197,6",P0,58,2450,15588,БЕЗ ТО,S355NL,EN 10025-3:2019(Е)
401101342,"35,852",Т,"1197,6",P0,58,2450,15588,БЕЗ ТО,S355NL,EN 10025-3:2019(Е)
401101289,"21,530",Т,"1197,6",P0,38,2240,15578,БЕЗ ТО,S355NL,EN 10025-3:2019(Е)
401101329,"23,930",Т,"1197,6",P0,54,1750,15588,БЕЗ ТО,S355NL,EN 10025-3:2019(Е)
401101331,"22,300",Т,"1197,6",P0,"31,3",2791,15649,БЕЗ ТО,S355NL,EN 10025-3:2019(Е)
401101317,"16,091",Т,"1197,6",P0,"24,8",2540,15650,БЕЗ ТО,S355NL,EN 10025-3:2019(Е)
401101336,"16,594",Т,"1197,6",P0,"25,4",2540,15650,БЕЗ ТО,S355NL,EN 10025-3:2019(Е)
401101300,"16,971",Т,"1197,6",P0,26,2540,15650,БЕЗ ТО,S355NL,EN 10025-3:2019(Е)
401101341,"17,411",Т,"1197,6",P0,"26,7",2540,15650,БЕЗ ТО,S355NL,EN 10025-3:2019(Е)
401101355,"17,788",Т,"1197,6",P0,"27,3",2540,15650,БЕЗ ТО,S355NL,EN 10025-3:2019(Е)
401101316,"18,228",Т,"1197,6",P0,28,2540,15650,БЕЗ ТО,S355NL,EN 10025-3:2019(Е)
401101319,"19,004",Т,"1197,6",P0,"31,3",2377,15650,БЕЗ ТО,S355NL,EN 10025-3:2019(Е)
401101347,"16,087",Т,"1197,6",P0,"24,6",2556,15671,БЕЗ ТО,S355NL,EN 10025-3:2019(Е)
401101339,"12,966",Т,"1197,6",P0,"19,8",2540,15671,БЕЗ ТО,S355NL,EN 10025-3:2019(Е)
401101323,"13,344",Т,"1197,6",P0,"20,4",2540,15671,БЕЗ ТО,S355NL,EN 10025-3:2019(Е)
401101356,"13,721",Т,"1197,6",P0,21,2540,15671,БЕЗ ТО,S355NL,EN 10025-3:2019(Е)
401101357,"14,098",Т,"1197,6",P0,"21,6",2540,15671,БЕЗ ТО,S355NL,EN 10025-3:2019(Е)
401101335,"14,476",Т,"1197,6",P0,"22,2",2540,15671,БЕЗ ТО,S355NL,EN 10025-3:2019(Е)
401101322,"14,854",Т,"1197,6",P0,"22,8",2540,15671,БЕЗ ТО,S355NL,EN 10025-3:2019(Е)
401101324,"15,278",Т,"1197,6",P0,"24,6",2427,15671,БЕЗ ТО,S355NL,EN 10025-3:2019(Е)
401101321,"12,976",Т,"1197,6",P0,"19,7",2552,15686,БЕЗ ТО,S355NL,EN 10025-3:2019(Е)
401101310,"11,538",Т,"1197,6",P0,"16,1",2909,14860,БЕЗ ТО,S355NL,EN 10025-3:2019(Е)
401101352,"11,761",Т,"1197,6",P0,"16,3",2910,14965,БЕЗ ТО,S355NL,EN 10025-3:2019(Е)
401101318,"11,992",Т,"1197,6",P0,"16,5",2910,15071,БЕЗ ТО,S355NL,EN 10025-3:2019(Е)
401101338,"12,290",Т,"1197,6",P0,"16,8",2911,15177,БЕЗ ТО,S355NL,EN 10025-3:2019(Е)
401101333,"12,590",Т,"1197,6",P0,"17,1",2912,15282,БЕЗ ТО,S355NL,EN 10025-3:2019(Е)
401101309,"13,032",Т,"1197,6",P0,"17,6",2912,15388,БЕЗ ТО,S355NL,EN 10025-3:2019(Е)
401101328,"13,478",Т,"1197,6",P0,"18,1",2912,15494,БЕЗ ТО,S355NL,EN 10025-3:2019(Е)
401101314,"12,623",Т,"1197,6",P0,"18,6",2640,15589,БЕЗ ТО,S355NL,EN 10025-3:2019(Е)
401101351,"13,527",Т,"1197,6",P0,"19,7",2661,15685,БЕЗ ТО,S355NL,EN 10025-3:2019(Е)
401101326,"9,835",Т,"1197,6",P0,45,2220,12083,БЕЗ ТО,S355NL,EN 10025-3:2019(Е)
401101340,"8,634",Т,"1174,7",P0,25,1711,12253,БЕЗ ТО,S355NL,EN 10025-3:2019(Е)
401101325,"7,736",Т,"1174,7",P0,"15,9",2344,12495,БЕЗ ТО,S355NL,EN 10025-3:2019(Е)
401101327,"7,361",Т,"1174,7",P0,"15,7",2217,12722,БЕЗ ТО,S355NL,EN 10025-3:2019(Е)
401101346,"8,362",Т,"1174,7",P0,"15,7",2470,12977,БЕЗ ТО,S355NL,EN 10025-3:2019(Е)
401101330,"9,712",Т,"1174,7",P0,"15,6",2824,13272,БЕЗ ТО,S355NL,EN 10025-3:2019(Е)
401101320,"8,890",Т,"1174,7",P0,"15,6",2828,13567,БЕЗ ТО,S355NL,EN 10025-3:2019(Е)
401101337,"10,175",Т,"1174,7",P0,"15,6",2833,13862,БЕЗ ТО,S355NL,EN 10025-3:2019(Е)
401101343,"10,463",Т,"1197,6",P0,"15,7",2836,14154,БЕЗ ТО,S355NL,EN 10025-3:2019(Е)
401101345,"10,766",Т,"1197,6",P0,"15,8",2841,14452,БЕЗ ТО,S355NL,EN 10025-3:2019(Е)
401101334,"11,200",Т,"1197,6",P0,"16,1",2845,14747,БЕЗ ТО,S355NL,EN 10025-3:2019(Е)
401113442,"20,000",Т,"1197,6",P0,65,2450,15554,БЕЗ ТО,S355NL,EN 10025-3:2019(Е)
401126266,"7,640",Т,1165,P0,25,2300,6300,ТО-2,10ХСНД,ГОСТ 19281-2014 ИЗМ 1
401128841,"11,510",Т,1165,P0,40,1500,6000,БЕЗ ТО,09Г2С,ГОСТ 19281-2014 ИЗМ 1
401133646,"60,445",Т,"1197,6",P4,"22,23",4090,12040,БЕЗ ТО,60(415),ASTM A516/A516M-17
401133689,"13,630",Т,"1197,6",P4,"44,45",3222,12040,БЕЗ ТО,70(485),ASTM A516/A516M-17
401133688,"12,534",Т,"1174,7",P4,"19,05",3462,12040,БЕЗ ТО,70(485),ASTM A516/A516M-17
401153666,"5,234",Т,"1174,7",P4,"17,48",3150,12040,БЕЗ ТО,70(485),ASTM A516/A516M-17
401153715,"58,264",Т,"1197,6",P4,"41,28",3710,12040,БЕЗ ТО,70(485),ASTM A516/A516M-17
401133648,"27,226",Т,"1174,7",P4,"15,88",2486,12040,БЕЗ ТО,60(415),ASTM A516/A516M-17
401133665,"25,488",Т,"1174,7",P4,"28,58",2454,12040,БЕЗ ТО,70(485),ASTM A516/A516M-17
401133649,"7,288",Т,"1174,7",P4,"15,88",2486,12040,БЕЗ ТО,70(485),ASTM A516/A516M-17
401134826,"55,923",Т,"1174,7",P4,"31,75",2782,12040,БЕЗ ТО,70(485),ASTM A516/A516M-17
401136562,"7,545",Т,2010,P4,"9,53",1559,12040,БЕЗ ТО,60(415),ASTM A516/A516M-17
401141007,"3,087",Т,"1162,7",P0,12,2250,6100,БЕЗ ТО,09Г2С,"ГОСТ 5520-2017 Попр.1,2,3"
401146297,"95,114",Т,"1197,6",P0,54,1740,15578,БЕЗ ТО,S355NL,EN 10025-3:2019(Е)
401146290,"86,121",Т,"1197,6",P0,38,2240,15578,БЕЗ ТО,S355NL,EN 10025-3:2019(Е)
401146298,"142,734",Т,"1197,6",P0,58,2440,15578,БЕЗ ТО,S355NL,EN 10025-3:2019(Е)
401146300,"142,734",Т,"1197,6",P0,58,2440,15578,БЕЗ ТО,S355NL,EN 10025-3:2019(Е)
401146313,"61,969",Т,"1197,6",P0,38,1609,15578,БЕЗ ТО,S355NL,EN 10025-3:2019(Е)
401146322,"63,067",Т,"1197,6",P0,33,1880,15578,БЕЗ ТО,S355NL,EN 10025-3:2019(Е)
401146288,"73,965",Т,"1197,6",P0,"32,2",2260,15578,БЕЗ ТО,S355NL,EN 10025-3:2019(Е)
401146305,"89,206",Т,"1197,6",P0,"31,3",2791,15649,БЕЗ ТО,S355NL,EN 10025-3:2019(Е)
401146299,"76,018",Т,"1197,6",P0,"31,3",2377,15650,БЕЗ ТО,S355NL,EN 10025-3:2019(Е)
401146311,"72,912",Т,"1197,6",P0,28,2540,15650,БЕЗ ТО,S355NL,EN 10025-3:2019(Е)
401146289,"71,152",Т,"1197,6",P0,"27,3",2540,15650,БЕЗ ТО,S355NL,EN 10025-3:2019(Е)
401146306,"69,643",Т,"1197,6",P0,"26,7",2540,15650,БЕЗ ТО,S355NL,EN 10025-3:2019(Е)
401146312,"67,883",Т,"1197,6",P0,26,2540,15650,БЕЗ ТО,S355NL,EN 10025-3:2019(Е)
401146303,"66,375",Т,"1197,6",P0,"25,4",2540,15650,БЕЗ ТО,S355NL,EN 10025-3:2019(Е)
401146351,"64,363",Т,"1197,6",P0,"24,8",2540,15650,БЕЗ ТО,S355NL,EN 10025-3:2019(Е)
401146324,"64,344",Т,"1197,6",P0,"24,6",2556,15671,БЕЗ ТО,S355NL,EN 10025-3:2019(Е)
401146321,"61,112",Т,"1197,6",P0,"24,6",2427,15671,БЕЗ ТО,S355NL,EN 10025-3:2019(Е)
401146304,"59,414",Т,"1197,6",P0,"22,8",2540,15671,БЕЗ ТО,S355NL,EN 10025-3:2019(Е)
401146323,"57,904",Т,"1197,6",P0,"22,2",2540,15671,БЕЗ ТО,S355NL,EN 10025-3:2019(Е)
401146315,"56,393",Т,"1197,6",P0,"21,6",2540,15671,БЕЗ ТО,S355NL,EN 10025-3:2019(Е)
401146343,"54,883",Т,"1197,6",P0,21,2540,15671,БЕЗ ТО,S355NL,EN 10025-3:2019(Е)
401146314,"53,376",Т,"1197,6",P0,"20,4",2540,15671,БЕЗ ТО,S355NL,EN 10025-3:2019(Е)
401146345,"51,862",Т,"1197,6",P0,"19,8",2540,15671,БЕЗ ТО,S355NL,EN 10025-3:2019(Е)
401146307,"51,904",Т,"1197,6",P0,"19,7",2552,15686,БЕЗ ТО,S355NL,EN 10025-3:2019(Е)
401146326,"54,104",Т,"1197,6",P0,"19,7",2661,15685,БЕЗ ТО,S355NL,EN 10025-3:2019(Е)
401146344,"50,491",Т,"1197,6",P0,"18,6",2640,15589,БЕЗ ТО,S355NL,EN 10025-3:2019(Е)
401146325,"53,915",Т,"1197,6",P0,"18,1",2912,15494,БЕЗ ТО,S355NL,EN 10025-3:2019(Е)
401146317,"52,128",Т,"1197,6",P0,"17,6",2912,15388,БЕЗ ТО,S355NL,EN 10025-3:2019(Е)
401146329,"50,360",Т,"1197,6",P0,"17,1",2912,15282,БЕЗ ТО,S355NL,EN 10025-3:2019(Е)
401146309,"49,160",Т,"1197,6",P0,"16,8",2911,15177,БЕЗ ТО,S355NL,EN 10025-3:2019(Е)
401146316,"47,984",Т,"1197,6",P0,"16,5",2911,15071,БЕЗ ТО,S355NL,EN 10025-3:2019(Е)
401146308,"47,044",Т,"1197,6",P0,"16,3",2910,14965,БЕЗ ТО,S355NL,EN 10025-3:2019(Е)
401146331,"46,152",Т,"1197,6",P0,"16,1",2909,14860,БЕЗ ТО,S355NL,EN 10025-3:2019(Е)
401146318,"44,804",Т,"1197,6",P0,"16,1",2845,14747,БЕЗ ТО,S355NL,EN 10025-3:2019(Е)
401146328,"43,048",Т,"1197,6",P0,"15,8",2840,14452,БЕЗ ТО,S355NL,EN 10025-3:2019(Е)
401146327,"41,851",Т,"1197,6",P0,"15,7",2836,14154,БЕЗ ТО,S355NL,EN 10025-3:2019(Е)
401146332,"40,686",Т,"1174,7",P0,"15,6",2832,13862,БЕЗ ТО,S355NL,EN 10025-3:2019(Е)
401146320,"39,776",Т,"1174,7",P0,"15,6",2829,13567,БЕЗ ТО,S355NL,EN 10025-3:2019(Е)
401146341,"38,848",Т,"1174,7",P0,"15,6",2824,13272,БЕЗ ТО,S355NL,EN 10025-3:2019(Е)
401146330,"33,448",Т,"1174,7",P0,"15,7",2470,12977,БЕЗ ТО,S355NL,EN 10025-3:2019(Е)
401146319,"29,440",Т,"1174,7",P0,"15,7",2217,12722,БЕЗ ТО,S355NL,EN 10025-3:2019(Е)
401146342,"30,932",Т,"1174,7",P0,"15,9",2343,12495,БЕЗ ТО,S355NL,EN 10025-3:2019(Е)
401146352,"33,112",Т,"1174,7",P0,25,3290,12253,БЕЗ ТО,S355NL,EN 10025-3:2019(Е)
401146310,"37,929",Т,"1174,7",P0,45,2140,12083,БЕЗ ТО,S355NL,EN 10025-3:2019(Е)
401147527,"16,685",Т,"1144,3",P0,18,3400,6900,БЕЗ ТО,09Г2С,ГОСТ 19281-2014 ИЗМ 1
401147577,"7,416",Т,"1144,3",P0,20,3400,6900,БЕЗ ТО,09Г2С,ГОСТ 19281-2014 ИЗМ 1
401147153,"8,156",Т,"1144,3",P0,22,3400,6900,БЕЗ ТО,09Г2С,ГОСТ 19281-2014 ИЗМ 1
401148269,"42,886",Т,"1192,7",P0,45,2000,6000,ТО-2,С590,ГОСТ 27772-2021
401156069,"25,905",Т,"1197,6",P4,"22,23",4090,12040,БЕЗ ТО,60(415),ASTM A516/A516M-17
401156088,"16,826",Т,"1174,7",P4,"31,75",2782,12040,БЕЗ ТО,70(485),ASTM A516/A516M-17
401157359,"12,471",Т,1165,P0,8,2500,6000,БЕЗ ТО,09Г2С,ГОСТ 19281-2014 ИЗМ 1
401157078,"32,000",Т,1165,P0,32,1500,6000,БЕЗ ТО,09Г2С,ГОСТ 19281-2014 ИЗМ 1
401158400,"1 911,060",Т,"1191,968",P4,"45,8",2442,12040,БЕЗ ТО,К60,СТО 00186217-389-2019
401164765,"4,656",Т,1165,P0,16,1500,6000,ТО-1,09Г2С,ГОСТ 19281-2014 ИЗМ 1
401166685,"19,970",Т,1165,P0,10,1500,6000,ТО-1,09Г2С,ГОСТ 19281-2014 ИЗМ 1
401167060,"203,184",Т,1174,P0,60,2600,10300,ТО-1,20Юч,ТУ 14-1-4853-2017 изм 1
401167168,"76,313",Т,1174,P0,60,1950,10300,ТО-1,20Юч,ТУ 14-1-4853-2017 изм 1
401167149,"29,408",Т,1174,P0,60,1500,10300,ТО-1,20Юч,ТУ 14-1-4853-2017 изм 1
401169557,"72,975",Т,"1194,1",P0,50,2000,6000,БЕЗ ТО,S275J2,EN 10025-2:2019
401169615,"42,000",Т,"1194,1",P0,36,2000,6000,БЕЗ ТО,S275J2,EN 10025-2:2019
401169941,"21,945",Т,"1194,1",P0,45,2000,6000,БЕЗ ТО,S275J2,EN 10025-2:2019
401169938,"63,976",Т,"1281,2",P0,60,2000,6000,БЕЗ ТО,S275J2,EN 10025-2:2019
401169844,"60,903",Т,"1281,2",P0,70,2000,6000,БЕЗ ТО,S275J2,EN 10025-2:2019
401169289,"18,940",Т,1148,P0,10,2000,12000,БЕЗ ТО,С355,ГОСТ 27772-2021
401169288,"22,730",Т,1148,P0,12,2000,12000,БЕЗ ТО,С355,ГОСТ 27772-2021
401172061,"64,500",Т,"1118,9",P0,20,1500,6000,БЕЗ ТО,Ст3сп,ГОСТ 14637-2024
401172100,"64,500",Т,"1118,9",P0,30,1500,6000,ТО-1,Ст3сп,ГОСТ 14637-2024
401171379,"33,190",Т,1165,P0,10,2500,12000,ТО-1,09Г2С,ГОСТ 19281-2014 ИЗМ 1
401172455,"52,509",Т,1165,P0,12,2080,11570,ТО-1,09Г2С,ГОСТ 19281-2014 ИЗМ 1
401172524,"11,510",Т,1165,P0,16,2500,12000,ТО-1,09Г2С,ГОСТ 19281-2014 ИЗМ 1
401173089,"3,356",Т,1268,P0,20,2650,8000,БЕЗ ТО,09Г2С,"СТО 00186217-236-2020 Изм.1,2,3,4,5"
401173102,"55,351",Т,1268,P0,22,1900,8800,БЕЗ ТО,09Г2С,"СТО 00186217-236-2020 Изм.1,2,3,4,5"
401173079,"15,463",Т,1268,P0,28,2400,9700,БЕЗ ТО,09Г2С,"СТО 00186217-236-2020 Изм.1,2,3,4,5"
401173094,"4,548",Т,1268,P0,30,2700,7100,БЕЗ ТО,09Г2С,"СТО 00186217-236-2020 Изм.1,2,3,4,5"
401173104,"21,100",Т,1296,P0,45,2000,7400,БЕЗ ТО,09Г2С,"СТО 00186217-236-2020 Изм.1,2,3,4,5"
401174482,"20,196",Т,1164,P0,70,1500,6000,БЕЗ ТО,С355,ГОСТ 27772-2021
401174704,"64,809",Т,1230,P0,12,2000,6000,БЕЗ ТО,09Г2С,ГОСТ 19281-2014 ИЗМ 1
401174816,"64,670",Т,1160,P0,10,1500,6000,БЕЗ ТО,Ст3сп,ГОСТ 14637-2024
401175130,"33,410",Т,1230,P0,18,1500,6000,БЕЗ ТО,09Г2С,ГОСТ 19281-2014 ИЗМ 1
401175154,"32,844",Т,1230,P0,20,1500,6000,БЕЗ ТО,09Г2С,ГОСТ 19281-2014 ИЗМ 1
401175146,"34,200",Т,1230,P0,20,2000,6000,БЕЗ ТО,09Г2С,ГОСТ 19281-2014 ИЗМ 1
401175140,"7,140",Т,1194,P0,25,1500,6000,БЕЗ ТО,09Г2С,ГОСТ 19281-2014 ИЗМ 1
401175171,"21,420",Т,1160,P0,30,1500,6000,БЕЗ ТО,Ст3сп,ГОСТ 14637-2024
401175156,"14,283",Т,1160,P0,40,1500,6000,БЕЗ ТО,Ст3сп,ГОСТ 14637-2024
401175056,"13,834",Т,1188,P0,90,1600,6000,ТО-1,09Г2С,ГОСТ 19281-2014 ИЗМ 1
401175256,"83,214",Т,"1197,6",P0,"32,2",2260,15578,БЕЗ ТО,S355NL,EN 10025-3:2019(Е)
401175249,"70,947",Т,"1197,6",P0,33,1880,15578,БЕЗ ТО,S355NL,EN 10025-3:2019(Е)
401175246,"69,714",Т,"1197,6",P0,38,1609,15578,БЕЗ ТО,S355NL,EN 10025-3:2019(Е)
401175250,"161,334",Т,"1197,6",P0,58,2450,15588,БЕЗ ТО,S355NL,EN 10025-3:2019(Е)
401175247,"161,334",Т,"1197,6",P0,58,2450,15588,БЕЗ ТО,S355NL,EN 10025-3:2019(Е)
401175290,"96,885",Т,"1197,6",P0,38,2240,15578,БЕЗ ТО,S355NL,EN 10025-3:2019(Е)
401175248,"107,685",Т,"1197,6",P0,54,1750,15588,БЕЗ ТО,S355NL,EN 10025-3:2019(Е)
401175258,"100,350",Т,"1197,6",P0,"31,3",2791,15649,БЕЗ ТО,S355NL,EN 10025-3:2019(Е)
401175266,"72,405",Т,"1197,6",P0,"24,8",2540,15650,БЕЗ ТО,S355NL,EN 10025-3:2019(Е)
401175190,"74,673",Т,"1197,6",P0,"25,4",2540,15650,БЕЗ ТО,S355NL,EN 10025-3:2019(Е)
401175282,"76,365",Т,"1197,6",P0,26,2540,15650,БЕЗ ТО,S355NL,EN 10025-3:2019(Е)
401175255,"69,640",Т,"1197,6",P0,"26,7",2540,15650,БЕЗ ТО,S355NL,EN 10025-3:2019(Е)
401175272,"9,730",Т,"1197,6",P0,"26,7",2840,15650,БЕЗ ТО,S355NL,EN 10025-3:2019(Е)
401175268,"80,046",Т,"1197,6",P0,"27,3",2540,15650,БЕЗ ТО,S355NL,EN 10025-3:2019(Е)
401175292,"82,026",Т,"1197,6",P0,28,2540,15650,БЕЗ ТО,S355NL,EN 10025-3:2019(Е)
401175257,"76,016",Т,"1197,6",P0,"31,3",2377,15650,БЕЗ ТО,S355NL,EN 10025-3:2019(Е)
401175267,"10,696",Т,"1197,6",P0,"31,3",2677,15650,БЕЗ ТО,S355NL,EN 10025-3:2019(Е)
401175259,"72,387",Т,"1197,6",P0,"24,6",2556,15671,БЕЗ ТО,S355NL,EN 10025-3:2019(Е)
401175260,"58,347",Т,"1197,6",P0,"19,8",2540,15671,БЕЗ ТО,S355NL,EN 10025-3:2019(Е)
401175283,"60,048",Т,"1197,6",P0,"20,4",2540,15671,БЕЗ ТО,S355NL,EN 10025-3:2019(Е)
401175306,"61,740",Т,"1197,6",P0,21,2540,15671,БЕЗ ТО,S355NL,EN 10025-3:2019(Е)
401175271,"63,441",Т,"1197,6",P0,"21,6",2540,15671,БЕЗ ТО,S355NL,EN 10025-3:2019(Е)
401175270,"65,142",Т,"1197,6",P0,"22,2",2540,15671,БЕЗ ТО,S355NL,EN 10025-3:2019(Е)
401175269,"66,843",Т,"1197,6",P0,"22,8",2540,15671,БЕЗ ТО,S355NL,EN 10025-3:2019(Е)
401175304,"68,751",Т,"1197,6",P0,"24,6",2427,15671,БЕЗ ТО,S355NL,EN 10025-3:2019(Е)
401175273,"58,392",Т,"1197,6",P0,"19,7",2552,15686,БЕЗ ТО,S355NL,EN 10025-3:2019(Е)
401175291,"51,921",Т,"1197,6",P0,"16,1",2909,14860,БЕЗ ТО,S355NL,EN 10025-3:2019(Е)
401175281,"52,920",Т,"1197,6",P0,"16,3",2910,14965,БЕЗ ТО,S355NL,EN 10025-3:2019(Е)
401175274,"47,968",Т,"1197,6",P0,"16,5",2910,15071,БЕЗ ТО,S355NL,EN 10025-3:2019(Е)
401175303,"6,612",Т,"1197,6",P0,"16,5",3210,15071,БЕЗ ТО,S355NL,EN 10025-3:2019(Е)
401175286,"55,305",Т,"1197,6",P0,"16,8",2911,15177,БЕЗ ТО,S355NL,EN 10025-3:2019(Е)
401175275,"56,655",Т,"1197,6",P0,"17,1",2912,15282,БЕЗ ТО,S355NL,EN 10025-3:2019(Е)
401175301,"58,644",Т,"1197,6",P0,"17,6",2912,15388,БЕЗ ТО,S355NL,EN 10025-3:2019(Е)
401175284,"60,651",Т,"1197,6",P0,"18,1",2912,15494,БЕЗ ТО,S355NL,EN 10025-3:2019(Е)
401175285,"50,488",Т,"1197,6",P0,"18,6",2640,15589,БЕЗ ТО,S355NL,EN 10025-3:2019(Е)
401175276,"7,026",Т,"1197,6",P0,"18,6",2940,15589,БЕЗ ТО,S355NL,EN 10025-3:2019(Е)
401175305,"60,867",Т,"1197,6",P0,"19,7",2661,15685,БЕЗ ТО,S355NL,EN 10025-3:2019(Е)
401175296,"49,175",Т,"1197,6",P0,45,2220,12083,БЕЗ ТО,S355NL,EN 10025-3:2019(Е)
401175294,"38,854",Т,"1174,7",P0,25,1711,12253,БЕЗ ТО,S355NL,EN 10025-3:2019(Е)
401175297,"34,812",Т,"1174,7",P0,"15,9",2344,12495,БЕЗ ТО,S355NL,EN 10025-3:2019(Е)
401175302,"33,120",Т,"1174,7",P0,"15,7",2217,12722,БЕЗ ТО,S355NL,EN 10025-3:2019(Е)
401175288,"37,629",Т,"1174,7",P0,"15,7",2470,12977,БЕЗ ТО,S355NL,EN 10025-3:2019(Е)
401175289,"43,704",Т,"1174,7",P0,"15,6",2824,13272,БЕЗ ТО,S355NL,EN 10025-3:2019(Е)
401175293,"44,739",Т,"1174,7",P0,"15,6",2828,13567,БЕЗ ТО,S355NL,EN 10025-3:2019(Е)
401175277,"45,783",Т,"1174,7",P0,"15,6",2833,13862,БЕЗ ТО,S355NL,EN 10025-3:2019(Е)
401175287,"47,079",Т,"1197,6",P0,"15,7",2836,14154,БЕЗ ТО,S355NL,EN 10025-3:2019(Е)
401175298,"48,447",Т,"1197,6",P0,"15,8",2841,14452,БЕЗ ТО,S355NL,EN 10025-3:2019(Е)
401175295,"50,400",Т,"1197,6",P0,"16,1",2845,14747,БЕЗ ТО,S355NL,EN 10025-3:2019(Е)
401175415,"10,500",Т,1410,P4,12,2000,11000,БЕЗ ТО,09Г2С,ГОСТ 19281-2014 ИЗМ 1
401175445,"34,701",Т,"1178,9",P0,160,2600,5200,БЕЗ ТО,Ст3сп,ГОСТ 14637-2024
401175633,"19,193",Т,1188,P0,200,2000,3000,БЕЗ ТО,09Г2С,ГОСТ 19281-2014 ИЗМ 1
401176323,"22,011",Т,1230,P0,10,1500,6000,БЕЗ ТО,09Г2С,ГОСТ 19281-2014 ИЗМ 1
401176304,"22,152",Т,1230,P0,12,1500,6000,БЕЗ ТО,09Г2С,ГОСТ 19281-2014 ИЗМ 1
401176299,"21,310",Т,1160,P0,10,1500,6000,БЕЗ ТО,Ст3сп,ГОСТ 14637-2024
401176317,"65,274",Т,1230,P0,10,1500,6000,БЕЗ ТО,09Г2С,ГОСТ 19281-2014 ИЗМ 1
401176318,"39,795",Т,1230,P0,16,1500,6000,БЕЗ ТО,09Г2С,ГОСТ 19281-2014 ИЗМ 1
401176332,"34,200",Т,1194,P0,30,2000,6000,БЕЗ ТО,09Г2С,ГОСТ 19281-2014 ИЗМ 1
401176380,"19,900",Т,1160,P0,14,1500,6000,БЕЗ ТО,Ст3сп,ГОСТ 14637-2024
401176408,"20,466",Т,1160,P0,16,1500,6000,БЕЗ ТО,Ст3сп,ГОСТ 14637-2024
401176411,"19,992",Т,1230,P0,20,1500,6000,БЕЗ ТО,09Г2С,ГОСТ 19281-2014 ИЗМ 1
401176387,"65,320",Т,1160,P0,10,1500,6000,БЕЗ ТО,Ст3сп,ГОСТ 14637-2024
401176399,"25,560",Т,1160,P0,12,1500,6000,БЕЗ ТО,Ст3сп,ГОСТ 14637-2024
401176422,"19,734",Т,1230,P0,10,1500,6000,БЕЗ ТО,09Г2С,ГОСТ 19281-2014 ИЗМ 1
401176389,"33,228",Т,1230,P0,12,1500,6000,БЕЗ ТО,09Г2С,ГОСТ 19281-2014 ИЗМ 1
401176433,"19,278",Т,1194,P0,30,1500,6000,БЕЗ ТО,09Г2С,ГОСТ 19281-2014 ИЗМ 1
401176415,"31,836",Т,1160,P0,16,1500,6000,БЕЗ ТО,Ст3сп,ГОСТ 14637-2024
401176434,"17,136",Т,1160,P0,30,1500,6000,БЕЗ ТО,Ст3сп,ГОСТ 14637-2024
401176436,"33,228",Т,1230,P0,12,1500,6000,БЕЗ ТО,09Г2С,ГОСТ 19281-2014 ИЗМ 1
401176419,"21,926",Т,1230,P0,14,1500,6000,БЕЗ ТО,09Г2С,ГОСТ 19281-2014 ИЗМ 1
401176439,"65,320",Т,1160,P0,10,1500,6000,БЕЗ ТО,Ст3сп,ГОСТ 14637-2024
401176443,"64,752",Т,1160,P0,12,1500,6000,БЕЗ ТО,Ст3сп,ГОСТ 14637-2024
401176444,"19,900",Т,1160,P0,14,1500,6000,БЕЗ ТО,Ст3сп,ГОСТ 14637-2024
401176438,"25,014",Т,1160,P0,16,1500,6000,БЕЗ ТО,Ст3сп,ГОСТ 14637-2024
401176452,"15,420",Т,1230,P0,18,1500,6000,БЕЗ ТО,09Г2С,ГОСТ 19281-2014 ИЗМ 1
401176453,"40,698",Т,1194,P0,30,1500,6000,БЕЗ ТО,09Г2С,ГОСТ 19281-2014 ИЗМ 1
401176448,"20,900",Т,1230,P0,20,2000,6000,БЕЗ ТО,09Г2С,ГОСТ 19281-2014 ИЗМ 1
401176429,"19,992",Т,1160,P0,40,1500,6000,БЕЗ ТО,Ст3сп,ГОСТ 14637-2024
401176494,"64,260",Т,1194,P0,30,1500,6000,БЕЗ ТО,09Г2С,ГОСТ 19281-2014 ИЗМ 1
401176469,"33,180",Т,1230,P0,10,2000,6000,БЕЗ ТО,09Г2С,ГОСТ 19281-2014 ИЗМ 1
401176496,"21,603",Т,1230,P0,12,2000,6000,БЕЗ ТО,09Г2С,ГОСТ 19281-2014 ИЗМ 1
401176458,"22,730",Т,1230,P0,12,2000,12000,БЕЗ ТО,09Г2С,ГОСТ 19281-2014 ИЗМ 1
401176501,"21,232",Т,1230,P0,14,2000,6000,БЕЗ ТО,09Г2С,ГОСТ 19281-2014 ИЗМ 1
401176495,"21,211",Т,1230,P0,14,2000,12000,БЕЗ ТО,09Г2С,ГОСТ 19281-2014 ИЗМ 1
401176487,"13,300",Т,1230,P0,20,2000,6000,БЕЗ ТО,09Г2С,ГОСТ 19281-2014 ИЗМ 1
401176558,"45,588",Т,1194,P0,40,2000,6000,БЕЗ ТО,09Г2С,ГОСТ 19281-2014 ИЗМ 1
401176581,"32,130",Т,1160,P0,30,1500,6000,БЕЗ ТО,Ст3сп,ГОСТ 14637-2024
401176556,"40,000",Т,1160,P0,10,2000,6000,БЕЗ ТО,Ст3сп,ГОСТ 14637-2024
401176791,"60,000",Т,1230,P0,20,1500,6000,БЕЗ ТО,09Г2С,ГОСТ 19281-2014 ИЗМ 1
401176658,"19,278",Т,1194,P0,30,1500,6000,БЕЗ ТО,09Г2С,ГОСТ 19281-2014 ИЗМ 1
401176823,"20,556",Т,1194,P0,32,1500,6000,БЕЗ ТО,09Г2С,ГОСТ 19281-2014 ИЗМ 1
401176819,"20,560",Т,1194,P0,36,1500,6000,БЕЗ ТО,09Г2С,ГОСТ 19281-2014 ИЗМ 1
401176852,"14,290",Т,1194,P0,40,1500,6000,БЕЗ ТО,09Г2С,ГОСТ 19281-2014 ИЗМ 1
401176864,"39,900",Т,1230,P0,20,2000,6000,БЕЗ ТО,09Г2С,ГОСТ 19281-2014 ИЗМ 1
401176736,"20,520",Т,1194,P0,36,2000,6000,БЕЗ ТО,09Г2С,ГОСТ 19281-2014 ИЗМ 1
401176605,"98,100",Т,1160,P0,10,1500,6000,БЕЗ ТО,Ст3сп,ГОСТ 14637-2024
401176597,"31,900",Т,1160,P0,16,1500,6000,БЕЗ ТО,Ст3сп,ГОСТ 14637-2024
401176612,"97,100",Т,1160,P0,20,1500,6000,БЕЗ ТО,Ст3сп,ГОСТ 14637-2024
401176585,"21,500",Т,1160,P0,25,1500,6000,БЕЗ ТО,Ст3сп,ГОСТ 14637-2024
401176614,"21,500",Т,1160,P0,30,1500,6000,БЕЗ ТО,Ст3сп,ГОСТ 14637-2024
401176607,"20,000",Т,1160,P0,40,1500,6000,БЕЗ ТО,Ст3сп,ГОСТ 14637-2024
401176621,"23,700",Т,1160,P0,10,2000,6000,БЕЗ ТО,Ст3сп,ГОСТ 14637-2024
401176600,"22,800",Т,1160,P0,20,2000,6000,БЕЗ ТО,Ст3сп,ГОСТ 14637-2024
401176599,"21,400",Т,1160,P0,25,2000,6000,БЕЗ ТО,Ст3сп,ГОСТ 14637-2024
401176604,"64,800",Т,1230,P0,16,1500,6000,БЕЗ ТО,09Г2С,ГОСТ 19281-2014 ИЗМ 1
401176613,"65,700",Т,1230,P0,20,1500,6000,БЕЗ ТО,09Г2С,ГОСТ 19281-2014 ИЗМ 1
401176606,"20,500",Т,1230,P0,22,1500,6000,БЕЗ ТО,09Г2С,ГОСТ 19281-2014 ИЗМ 1
401176645,"75,313",Т,1230,P0,10,1500,6000,БЕЗ ТО,09Г2С,ГОСТ 19281-2014 ИЗМ 1
401176618,"90,312",Т,1230,P0,12,1500,6000,БЕЗ ТО,09Г2С,ГОСТ 19281-2014 ИЗМ 1
401176713,"39,984",Т,1230,P0,20,1500,6000,БЕЗ ТО,09Г2С,ГОСТ 19281-2014 ИЗМ 1
401176639,"27,846",Т,1194,P0,30,1500,6000,БЕЗ ТО,09Г2С,ГОСТ 19281-2014 ИЗМ 1
401176640,"19,992",Т,1194,P0,40,1500,6000,БЕЗ ТО,09Г2С,ГОСТ 19281-2014 ИЗМ 1
401176619,"32,232",Т,1230,P0,10,2000,6000,БЕЗ ТО,09Г2С,ГОСТ 19281-2014 ИЗМ 1
401176723,"55,713",Т,1230,P0,12,2000,6000,БЕЗ ТО,09Г2С,ГОСТ 19281-2014 ИЗМ 1
401176703,"19,905",Т,1230,P0,14,2000,6000,БЕЗ ТО,09Г2С,ГОСТ 19281-2014 ИЗМ 1
401176722,"63,672",Т,1230,P0,16,2000,6000,БЕЗ ТО,09Г2С,ГОСТ 19281-2014 ИЗМ 1
401176712,"20,900",Т,1230,P0,20,2000,6000,БЕЗ ТО,09Г2С,ГОСТ 19281-2014 ИЗМ 1
401176725,"19,950",Т,1194,P0,30,2000,6000,БЕЗ ТО,09Г2С,ГОСТ 19281-2014 ИЗМ 1
401176644,"65,320",Т,1160,P0,10,1500,6000,БЕЗ ТО,Ст3сп,ГОСТ 14637-2024
401176724,"20,448",Т,1160,P0,12,1500,6000,БЕЗ ТО,Ст3сп,ГОСТ 14637-2024
401176646,"39,795",Т,1160,P0,16,1500,6000,БЕЗ ТО,Ст3сп,ГОСТ 14637-2024
401176702,"19,992",Т,1160,P0,20,1500,6000,БЕЗ ТО,Ст3сп,ГОСТ 14637-2024
401176620,"20,900",Т,1160,P0,20,2000,6000,БЕЗ ТО,Ст3сп,ГОСТ 14637-2024
401176884,"33,228",Т,1230,P0,12,1500,6000,БЕЗ ТО,09Г2С,ГОСТ 19281-2014 ИЗМ 1
401176870,"19,992",Т,1230,P0,20,1500,6000,БЕЗ ТО,09Г2С,ГОСТ 19281-2014 ИЗМ 1
401176874,"64,260",Т,1194,P0,25,1500,6000,БЕЗ ТО,09Г2С,ГОСТ 19281-2014 ИЗМ 1
401176944,"195,250",Т,1160,P0,10,1500,6000,БЕЗ ТО,Ст3сп,ГОСТ 14637-2024
401176930,"64,752",Т,1160,P0,12,1500,6000,БЕЗ ТО,Ст3сп,ГОСТ 14637-2024
401176660,"24,875",Т,1160,P0,14,1500,6000,БЕЗ ТО,Ст3сп,ГОСТ 14637-2024
401177108,"12,507",Т,1160,P0,16,1500,6000,БЕЗ ТО,Ст3сп,ГОСТ 14637-2024
401177155,"21,420",Т,1160,P0,25,1500,6000,БЕЗ ТО,Ст3сп,ГОСТ 14637-2024
401177062,"22,848",Т,1230,P0,20,1500,6000,БЕЗ ТО,09Г2С,ГОСТ 19281-2014 ИЗМ 1
401177038,"19,278",Т,1194,P0,30,1500,6000,БЕЗ ТО,09Г2С,ГОСТ 19281-2014 ИЗМ 1
401177045,"36,384",Т,1230,P0,12,2000,6000,БЕЗ ТО,09Г2С,ГОСТ 19281-2014 ИЗМ 1
401177061,"20,520",Т,1230,P0,18,2000,6000,БЕЗ ТО,09Г2С,ГОСТ 19281-2014 ИЗМ 1
401177063,"20,900",Т,1230,P0,20,2000,6000,БЕЗ ТО,09Г2С,ГОСТ 19281-2014 ИЗМ 1
401177064,"44,730",Т,1160,P0,10,1500,6000,БЕЗ ТО,Ст3сп,ГОСТ 14637-2024
401177065,"20,448",Т,1160,P0,12,1500,6000,БЕЗ ТО,Ст3сп,ГОСТ 14637-2024
401177055,"24,875",Т,1160,P0,14,1500,6000,БЕЗ ТО,Ст3сп,ГОСТ 14637-2024
401177047,"45,696",Т,1160,P0,20,1500,6000,БЕЗ ТО,Ст3сп,ГОСТ 14637-2024
401177218,"32,000",Т,1160,P0,10,1500,6000,БЕЗ ТО,Ст3сп,ГОСТ 14637-2024
401177238,"32,000",Т,1160,P0,16,1500,6000,БЕЗ ТО,Ст3сп,ГОСТ 14637-2024
401177219,"33,000",Т,1160,P0,20,1500,6000,БЕЗ ТО,Ст3сп,ГОСТ 14637-2024
401177223,"25,000",Т,1160,P0,25,1500,6000,БЕЗ ТО,Ст3сп,ГОСТ 14637-2024
401177242,"34,500",Т,1160,P0,30,1500,6000,БЕЗ ТО,Ст3сп,ГОСТ 14637-2024
401177241,"90,500",Т,1230,P0,10,1500,6000,БЕЗ ТО,09Г2С,ГОСТ 19281-2014 ИЗМ 1
401177198,"29,589",Т,1230,P0,16,1500,6000,БЕЗ ТО,09Г2С,ГОСТ 19281-2014 ИЗМ 1
401177217,"32,500",Т,1194,P0,25,1500,6000,БЕЗ ТО,09Г2С,ГОСТ 19281-2014 ИЗМ 1
401177232,"32,500",Т,1194,P0,30,1500,6000,БЕЗ ТО,09Г2С,ГОСТ 19281-2014 ИЗМ 1
401177216,"33,500",Т,1230,P0,10,2000,6000,БЕЗ ТО,09Г2С,ГОСТ 19281-2014 ИЗМ 1
401177234,"25,000",Т,1230,P0,12,2000,12000,БЕЗ ТО,09Г2С,ГОСТ 19281-2014 ИЗМ 1
401177199,"21,500",Т,1230,P0,16,2000,6000,БЕЗ ТО,09Г2С,ГОСТ 19281-2014 ИЗМ 1
401177236,"51,880",Т,1230,P0,16,2000,12000,БЕЗ ТО,09Г2С,ГОСТ 19281-2014 ИЗМ 1
401177200,"23,000",Т,1230,P0,20,2000,6000,БЕЗ ТО,09Г2С,ГОСТ 19281-2014 ИЗМ 1
401177237,"19,250",Т,1194,P0,25,2000,6000,БЕЗ ТО,09Г2С,ГОСТ 19281-2014 ИЗМ 1
401177233,"24,000",Т,1164,P0,50,2000,6000,БЕЗ ТО,09Г2С,ГОСТ 19281-2014 ИЗМ 1
401177347,"76,755",Т,1160,P0,25,1500,6000,БЕЗ ТО,Ст3сп,ГОСТ 14637-2024
401177601,"17,133",Т,1164,P0,60,1500,6000,БЕЗ ТО,С390,ГОСТ 27772-2021
401177679,"32,376",Т,1230,P0,12,1500,6000,БЕЗ ТО,09Г2С,ГОСТ 19281-2014 ИЗМ 1
401177678,"64,809",Т,1230,P0,16,1500,6000,БЕЗ ТО,09Г2С,ГОСТ 19281-2014 ИЗМ 1
401177620,"28,560",Т,1230,P0,20,1500,6000,БЕЗ ТО,09Г2С,ГОСТ 19281-2014 ИЗМ 1
401177627,"65,320",Т,1160,P0,10,1500,6000,БЕЗ ТО,Ст3сп,ГОСТ 14637-2024
401177677,"32,376",Т,1160,P0,12,1500,6000,БЕЗ ТО,Ст3сп,ГОСТ 14637-2024
401177681,"12,942",Т,1160,P0,14,1500,6000,БЕЗ ТО,Ст3сп,ГОСТ 14637-2024
401177676,"32,130",Т,1160,P0,30,1500,6000,БЕЗ ТО,Ст3сп,ГОСТ 14637-2024
401177846,"11,500",Т,1165,P0,20,2000,6000,ТО-1,09Г2С,ГОСТ 19281-2014 ИЗМ 1
401177936,"7,410",Т,1194,P0,26,2000,6000,БЕЗ ТО,09Г2С,ГОСТ 19281-2014 ИЗМ 1
401177937,"19,950",Т,1230,P0,21,2000,6000,БЕЗ ТО,09Г2С,ГОСТ 19281-2014 ИЗМ 1
401178011,"4,370",Т,1230,P0,23,2000,6000,БЕЗ ТО,09Г2С,ГОСТ 19281-2014 ИЗМ 1
401177958,"9,500",Т,1230,P0,20,2000,6000,БЕЗ ТО,09Г2С,ГОСТ 19281-2014 ИЗМ 1
401178177,"4,689",Т,1164,P0,65,1500,6000,БЕЗ ТО,09Г2С,ГОСТ 19281-2014 ИЗМ 1
401178285,"1,584",Т,1165,P0,8,2000,6000,БЕЗ ТО,09Г2С,ГОСТ 19281-2014 ИЗМ 1
401178289,"39,700",Т,1165,P0,20,1900,7300,ТО-2,10ХСНД,ГОСТ 19281-2014 ИЗМ 1
401178299,"28,800",Т,1165,P0,25,2300,6300,ТО-2,10ХСНД,ГОСТ 19281-2014 ИЗМ 1
401178647,"10,000",Т,"1118,9",P0,36,2100,5500,БЕЗ ТО,Ст3пс,ГОСТ 14637-2024
401178798,"45,156",Т,1230,P0,12,1500,6000,БЕЗ ТО,09Г2С,ГОСТ 19281-2014 ИЗМ 1
401178799,"19,910",Т,1230,P0,10,2000,6000,БЕЗ ТО,09Г2С,ГОСТ 19281-2014 ИЗМ 1
401178841,"20,450",Т,1160,P0,12,1500,6000,БЕЗ ТО,Ст3сп,ГОСТ 14637-2024
401178834,"44,750",Т,1160,P0,10,1500,6000,БЕЗ ТО,Ст3сп,ГОСТ 14637-2024
401178947,"130,305",Т,1194,P0,25,1500,6000,БЕЗ ТО,09Г2С,ГОСТ 19281-2014 ИЗМ 1
401178946,"45,696",Т,1194,P0,40,1500,6000,БЕЗ ТО,09Г2С,ГОСТ 19281-2014 ИЗМ 1
401178948,"21,418",Т,1164,P0,50,1500,6000,БЕЗ ТО,09Г2С,ГОСТ 19281-2014 ИЗМ 1
401178971,"64,260",Т,1160,P0,25,1500,6000,БЕЗ ТО,Ст3сп,ГОСТ 14637-2024
401179722,"20,502",Т,1250,P4,14,1630,12000,БЕЗ ТО,13ХФА,"СТО 00186217-712-2023 Изм.1,2"
401179712,"19,332",Т,1214,P4,30,2200,6000,БЕЗ ТО,13ХФА,"СТО 00186217-712-2023 Изм.1,2"
401179753,"18,889",Т,1214,P4,25,2200,7000,БЕЗ ТО,13ХФА,"СТО 00186217-712-2023 Изм.1,2"
401179793,"5,038",Т,1181,P0,10,3000,10000,ТО-1,20К,"ГОСТ 5520-2017 Попр.1,2,3"
401179768,"8,265",Т,1181,P0,11,3000,10000,ТО-1,20К,"ГОСТ 5520-2017 Попр.1,2,3"
401180107,"6,400",Т,"1162,7",P0,16,2500,10000,ТО-1,20К,"ГОСТ 5520-2017 Попр.1,2,3"
401179860,"7,300",Т,"1162,7",P0,18,2500,10000,ТО-1,20К,"ГОСТ 5520-2017 Попр.1,2,3"
401180147,"179,928",Т,1148,P0,16,2200,12000,БЕЗ ТО,С355,ГОСТ 27772-2021
401180116,"62,975",Т,1148,P0,14,1900,12000,БЕЗ ТО,С355,ГОСТ 27772-2021
401180138,"62,592",Т,1148,P0,22,2500,12000,БЕЗ ТО,С355,ГОСТ 27772-2021
401180118,"29,988",Т,1148,P0,16,2200,12000,БЕЗ ТО,С355,ГОСТ 27772-2021
401180224,"61,502",Т,1148,P0,32,1650,10500,БЕЗ ТО,С355,ГОСТ 27772-2021
401180223,"18,408",Т,"1163,6",P0,32,1650,11000,БЕЗ ТО,С355,ГОСТ 27772-2021
401180232,"100,400",Т,"1163,6",P0,32,1650,12000,БЕЗ ТО,С355,ГОСТ 27772-2021
401180234,"12,453",Т,1148,P0,24,1900,11500,БЕЗ ТО,С355,ГОСТ 27772-2021
401180226,"13,505",Т,1164,P0,25,2200,6200,БЕЗ ТО,С355,ГОСТ 27772-2021
401180242,"198,322",Т,1148,P0,25,2200,12000,БЕЗ ТО,С355,ГОСТ 27772-2021
401180214,"62,205",Т,1148,P0,25,2200,11000,БЕЗ ТО,С355,ГОСТ 27772-2021
401180213,"3,350",Т,1164,P0,22,2500,7700,БЕЗ ТО,С355,ГОСТ 27772-2021
401180239,"66,064",Т,1164,P0,30,1900,7700,БЕЗ ТО,С355,ГОСТ 27772-2021
401180246,"5,624",Т,"1163,6",P0,36,1700,11600,БЕЗ ТО,С355,ГОСТ 27772-2021
401180228,"14,072",Т,1164,P0,36,1700,7250,БЕЗ ТО,С355,ГОСТ 27772-2021
401180217,"41,244",Т,1164,P0,20,1700,7650,БЕЗ ТО,С355,ГОСТ 27772-2021
401180219,"3,449",Т,"1163,6",P0,25,1500,11600,БЕЗ ТО,С355,ГОСТ 27772-2021
401180247,"10,260",Т,1148,P0,25,1500,11500,БЕЗ ТО,С355,ГОСТ 27772-2021
401180249,"4,850",Т,1164,P0,25,1500,8150,БЕЗ ТО,С355,ГОСТ 27772-2021
401180235,"12,051",Т,1164,P0,25,1500,8100,БЕЗ ТО,С355,ГОСТ 27772-2021
401180237,"10,790",Т,1164,P0,25,1500,7250,БЕЗ ТО,С355,ГОСТ 27772-2021
401180251,"15,031",Т,1148,P0,24,2200,12000,БЕЗ ТО,С355,ГОСТ 27772-2021
401180230,"25,605",Т,1148,P0,36,2500,12000,БЕЗ ТО,С355,ГОСТ 27772-2021
401180220,"17,456",Т,1148,P0,20,2300,12000,БЕЗ ТО,С355,ГОСТ 27772-2021
401180252,"25,052",Т,1148,P0,30,2200,12000,БЕЗ ТО,С355,ГОСТ 27772-2021
401180238,"3,140",Т,"1163,6",P0,22,1500,12000,БЕЗ ТО,С355,ГОСТ 27772-2021
401180261,"47,091",Т,1148,P0,22,2050,12000,БЕЗ ТО,С355,ГОСТ 27772-2021
401180411,"9,940",Т,1148,P0,10,1500,12000,БЕЗ ТО,С255,ГОСТ 27772-2021
401180401,"1,302",Т,1148,P0,10,1500,11000,БЕЗ ТО,С255,ГОСТ 27772-2021
401180369,"18,748",Т,1148,P0,10,2200,12000,БЕЗ ТО,С255,ГОСТ 27772-2021
401180425,"14,994",Т,1148,P0,12,2200,12000,БЕЗ ТО,С255,ГОСТ 27772-2021
401180403,"31,671",Т,1148,P0,16,1900,12000,БЕЗ ТО,С255,ГОСТ 27772-2021
401180399,"8,278",Т,1148,P0,16,1900,11500,БЕЗ ТО,С255,ГОСТ 27772-2021
401180366,"2,640",Т,1148,P0,16,1900,11000,БЕЗ ТО,С255,ГОСТ 27772-2021
401180389,"4,321",Т,1164,P0,16,1900,9000,БЕЗ ТО,С255,ГОСТ 27772-2021
401180398,"1,921",Т,1164,P0,16,1900,8000,БЕЗ ТО,С255,ГОСТ 27772-2021
401180367,"4,714",Т,1164,P0,18,1900,8700,БЕЗ ТО,С255,ГОСТ 27772-2021
401180402,"25,984",Т,1148,P0,18,1900,12000,БЕЗ ТО,С255,ГОСТ 27772-2021
401180400,"2,978",Т,1148,P0,18,1900,11000,БЕЗ ТО,С255,ГОСТ 27772-2021
401180390,"2,438",Т,1164,P0,18,1900,9000,БЕЗ ТО,С255,ГОСТ 27772-2021
401180368,"2,167",Т,1164,P0,18,1900,8000,БЕЗ ТО,С255,ГОСТ 27772-2021
401180422,"18,232",Т,1164,P0,18,1700,9400,БЕЗ ТО,С255,ГОСТ 27772-2021
401180404,"206,584",Т,1148,P0,16,2200,12000,БЕЗ ТО,С255,ГОСТ 27772-2021
401180412,"97,524",Т,1148,P0,16,2300,12000,БЕЗ ТО,С255,ГОСТ 27772-2021
401180413,"110,820",Т,1148,P0,18,1800,12000,БЕЗ ТО,С255,ГОСТ 27772-2021
401180421,"6,263",Т,1148,P0,30,2200,12000,БЕЗ ТО,С255,ГОСТ 27772-2021
401180423,"80,972",Т,1148,P0,12,2300,12000,БЕЗ ТО,С255,ГОСТ 27772-2021
401180406,"14,580",Т,1148,P0,14,2200,12000,БЕЗ ТО,С255,ГОСТ 27772-2021
401180405,"46,944",Т,1148,P0,22,2500,12000,БЕЗ ТО,С255,ГОСТ 27772-2021
401180407,"73,488",Т,1148,P0,22,2200,12000,БЕЗ ТО,С255,ГОСТ 27772-2021
401180618,"9,705",Т,1148,P0,16,1600,12000,БЕЗ ТО,С355,ГОСТ 27772-2021
401180629,"9,536",Т,1164,P0,18,1900,8800,БЕЗ ТО,С355,ГОСТ 27772-2021
401180651,"4,172",Т,1164,P0,18,1900,7700,БЕЗ ТО,С355,ГОСТ 27772-2021
401180628,"34,201",Т,1148,P0,10,1900,12000,БЕЗ ТО,С355,ГОСТ 27772-2021
401180642,"196,588",Т,1148,P0,16,2200,12000,БЕЗ ТО,С355,ГОСТ 27772-2021
401180645,"20,007",Т,1164,P0,16,2200,8000,БЕЗ ТО,С355,ГОСТ 27772-2021
401180635,"28,344",Т,1164,P0,16,2200,8500,БЕЗ ТО,С355,ГОСТ 27772-2021
401180637,"85,007",Т,1164,P0,16,2200,9000,БЕЗ ТО,С355,ГОСТ 27772-2021
401180662,"62,490",Т,1148,P0,10,2200,12000,БЕЗ ТО,С355,ГОСТ 27772-2021
401180636,"92,232",Т,1148,P0,18,2250,12000,БЕЗ ТО,С355,ГОСТ 27772-2021
401180707,"13,700",Т,"1162,7",P0,8,2000,6000,ТО-1,20К,"ГОСТ 5520-2017 Попр.1,2,3"
401180708,"7,700",Т,"1162,7",P0,9,2000,6000,ТО-1,20К,"ГОСТ 5520-2017 Попр.1,2,3"
401180735,"5,700",Т,"1162,7",P0,10,2000,6000,ТО-1,20К,"ГОСТ 5520-2017 Попр.1,2,3"
401180719,"3,500",Т,"1162,7",P0,11,2500,8000,ТО-1,20К,"ГОСТ 5520-2017 Попр.1,2,3"
401180734,"3,600",Т,"1162,7",P0,13,2500,7000,ТО-1,20К,"ГОСТ 5520-2017 Попр.1,2,3"
401180733,"5,900",Т,"1162,7",P0,14,2500,7000,ТО-1,20К,"ГОСТ 5520-2017 Попр.1,2,3"
401180720,"3,100",Т,"1162,7",P0,16,2000,6000,ТО-1,20К,"ГОСТ 5520-2017 Попр.1,2,3"
401180718,"5,700",Т,"1162,7",P0,18,2500,8000,ТО-1,20К,"ГОСТ 5520-2017 Попр.1,2,3"
401180874,"8,000",Т,"1162,7",P0,20,2500,10000,ТО-1,20К,"ГОСТ 5520-2017 Попр.1,2,3"
401180867,"3,200",Т,"1162,7",P0,20,2500,8000,ТО-1,09Г2С,"ГОСТ 5520-2017 Попр.1,2,3"
401180805,"70,746",Т,1300,P0,12,2000,12000,БЕЗ ТО,S355J2,СТО 00186217-436-2018
401180822,"34,278",Т,"1158,4",P0,12,2500,12000,БЕЗ ТО,S355J2,СТО 00186217-436-2018
401180812,"13,364",Т,"1158,4",P0,14,2500,12000,БЕЗ ТО,S355J2,СТО 00186217-436-2018
401180798,"14,688",Т,"1158,4",P0,15,2500,12000,БЕЗ ТО,S355J2,СТО 00186217-436-2018
401180804,"24,635",Т,"1158,4",P0,16,2000,12000,БЕЗ ТО,S355J2,СТО 00186217-436-2018
401180814,"23,255",Т,"1158,4",P0,16,2500,12000,БЕЗ ТО,S355J2,СТО 00186217-436-2018
401180803,"9,800",Т,"1158,4",P0,25,2000,12000,БЕЗ ТО,S355J2,СТО 00186217-436-2018
401180790,"41,780",Т,"1158,4",P0,25,2500,12000,БЕЗ ТО,S355J2,СТО 00186217-436-2018
401180815,"17,362",Т,"1158,4",P0,30,2000,12000,БЕЗ ТО,S355J2,СТО 00186217-436-2018
401180866,"3,570",Т,"1158,4",P0,10,2500,6000,БЕЗ ТО,S355J2,СТО 00186217-436-2018
401180840,"26,741",Т,"1158,4",P0,15,2500,6000,БЕЗ ТО,S355J2,СТО 00186217-436-2018
401180901,"5,766",Т,"1158,4",P0,16,2500,6000,БЕЗ ТО,S355J2,СТО 00186217-436-2018
401180859,"14,316",Т,"1158,4",P0,20,2500,6000,БЕЗ ТО,S355J2,СТО 00186217-436-2018
401186618,"31,830",Т,"1158,4",P0,15,2020,5300,БЕЗ ТО,S355J2,СТО 00186217-436-2018
401186317,"46,040",Т,"1158,4",P0,24,2240,6000,БЕЗ ТО,S355J2,СТО 00186217-436-2018
401186668,"9,150",Т,"1158,4",P0,25,2140,5300,БЕЗ ТО,S355J2,СТО 00186217-436-2018
401181817,"24,350",Т,"1144,1",P0,16,2000,12000,БЕЗ ТО,С355,ГОСТ 27772-2021
401181752,"19,500",Т,1188,P0,240,2500,4050,БЕЗ ТО,09Г2С,ГОСТ 19281-2014 ИЗМ 1
401181749,"33,532",Т,"1191,968",P4,46,4412,10500,БЕЗ ТО,05ГНДБ,"СТО 00186217-578-2021 Изм.1,2"
401181750,"15,054",Т,"1191,968",P4,46,1800,11500,БЕЗ ТО,05ГНДБ,"СТО 00186217-578-2021 Изм.1,2"
401181801,"41,456",Т,"1191,968",P4,85,2700,5700,БЕЗ ТО,05ГНДБ,"СТО 00186217-578-2021 Изм.1,2"
401181758,"16,347",Т,"1191,968",P4,65,2200,4800,БЕЗ ТО,05ГНДБ,"СТО 00186217-578-2021 Изм.1,2"
401179073,"40,100",Т,"1144,1",P0,18,2000,10050,ТО-1,С355,ГОСТ 27772-2021
401181923,"20,461",Т,"1163,6",P0,80,1600,10000,ТО-1,10ХСНД,ГОСТ 19281-2014 ИЗМ 1
401181297,"11,438",Т,1188,P0,80,4000,4500,ТО-1,09Г2С,ГОСТ 19281-2014 ИЗМ 1
401182169,"10,200",Т,1130,P0,8,2000,8000,ТО-1,20К,"ГОСТ 5520-2017 Попр.1,2,3"
401181898,"5,148",Т,"1162,7",P0,10,2000,8000,ТО-1,20К,"ГОСТ 5520-2017 Попр.1,2,3"
401182356,"52,000",Т,1165,P0,16,2000,7600,БЕЗ ТО,09Г2С,ГОСТ 19281-2014 ИЗМ 1
401182355,"48,600",Т,1165,P0,14,2500,8000,БЕЗ ТО,09Г2С,ГОСТ 19281-2014 ИЗМ 1
401182348,"17,600",Т,1165,P0,8,2200,6000,БЕЗ ТО,09Г2С,ГОСТ 19281-2014 ИЗМ 1
401182985,"24,684",Т,1178,P0,10,3770,7550,БЕЗ ТО,09Г2С,"ГОСТ 5520-2017 Попр.1,2,3"
401182887,"21,349",Т,"1178,9",P0,105,3170,4000,БЕЗ ТО,Ст3сп,ГОСТ 14637-2024
401182960,"42,465",Т,"1178,9",P0,50,2000,6700,ТО-1,20Юч,ТУ 14-1-4853-2017 изм 1
401183230,"109,446",Т,"1178,9",P0,50,1900,9700,ТО-1,20Юч,ТУ 14-1-4853-2017 изм 1
401182598,"8,930",Т,"1178,9",P0,70,2000,8000,ТО-1,20Юч,ТУ 14-1-4853-2017 изм 1
401183182,"6,122",Т,1268,P0,65,2264,5210,БЕЗ ТО,09Г2С,"СТО 00186217-236-2020 Изм.1,2,3,4,5"
401183183,"28,132",Т,1296,P0,100,1700,6900,ТО-1,09Г2С,"СТО 00186217-236-2020 Изм.1,2,3,4,5"
401183100,"17,200",Т,1165,P0,30,2000,6000,ТО-2,10ХСНД,ГОСТ 19281-2014 ИЗМ 1
401184850,"229,962",Т,1152,P0,10,2500,12000,ТО-2,10ХСНД,ГОСТ Р 55374-2012
401184838,"190,812",Т,1152,P0,12,2500,12000,ТО-2,10ХСНД,ГОСТ Р 55374-2012
401184955,"24,000",Т,1165,P0,14,1500,6000,ТО-1,09Г2С,ГОСТ 19281-2014 ИЗМ 1
401185027,"23,000",Т,1165,P0,16,1500,6000,ТО-1,09Г2С,ГОСТ 19281-2014 ИЗМ 1
401185513,"86,000",Т,"1158,4",P0,20,2230,5460,БЕЗ ТО,S355J2,СТО 00186217-436-2018
401186239,"131,400",Т,"1129,3",P0,20,1600,4500,ТО-1,20,ГОСТ 1577-2022
401186342,"21,500",Т,1165,P0,20,1500,6000,ТО-1,09Г2С,ГОСТ 19281-2014 ИЗМ 1
401186377,"21,500",Т,1165,P0,30,1500,6000,ТО-2,09Г2С,ГОСТ 19281-2014 ИЗМ 1
401186421,"23,000",Т,1165,P0,40,1500,6000,ТО-2,09Г2С,ГОСТ 19281-2014 ИЗМ 1
401186341,"23,000",Т,1165,P0,40,1500,6000,ТО-2,09Г2С,ГОСТ 19281-2014 ИЗМ 1
401186461,"68,000",Т,"1129,3",P0,36,1600,4500,ТО-1,20,ГОСТ 1577-2022
401186476,"8,753",Т,1268,P0,12,2100,8800,БЕЗ ТО,09Г2С,"СТО 00186217-236-2020 Изм.1,2,3,4,5"
401186465,"4,881",Т,1268,P0,16,1950,6600,БЕЗ ТО,09Г2С,"СТО 00186217-236-2020 Изм.1,2,3,4,5"
401186489,"5,116",Т,1268,P0,16,1550,8700,БЕЗ ТО,09Г2С,"СТО 00186217-236-2020 Изм.1,2,3,4,5"
401186488,"7,292",Т,1268,P0,16,1550,9300,БЕЗ ТО,09Г2С,"СТО 00186217-236-2020 Изм.1,2,3,4,5"
401186492,"18,538",Т,1268,P0,20,1900,8800,БЕЗ ТО,09Г2С,"СТО 00186217-236-2020 Изм.1,2,3,4,5"
401186468,"5,984",Т,1268,P0,20,2100,9000,БЕЗ ТО,09Г2С,"СТО 00186217-236-2020 Изм.1,2,3,4,5"
401186464,"21,240",Т,1268,P0,20,2150,7800,БЕЗ ТО,09Г2С,"СТО 00186217-236-2020 Изм.1,2,3,4,5"
401186466,"54,285",Т,1268,P0,20,2300,7100,БЕЗ ТО,09Г2С,"СТО 00186217-236-2020 Изм.1,2,3,4,5"
401186490,"39,816",Т,1268,P0,22,2300,7100,БЕЗ ТО,09Г2С,"СТО 00186217-236-2020 Изм.1,2,3,4,5"
401186467,"6,282",Т,1268,P0,22,2200,8200,БЕЗ ТО,09Г2С,"СТО 00186217-236-2020 Изм.1,2,3,4,5"
401186614,"66,600",Т,"1129,3",P0,50,2000,6000,ТО-1,20,ГОСТ 1577-2022
401186758,"14,193",Т,"1178,9",P0,70,3600,7100,БЕЗ ТО,Ст3сп,ГОСТ 14637-2024
401186765,"29,986",Т,"1178,9",P0,75,3600,7000,БЕЗ ТО,Ст3сп,ГОСТ 14637-2024
401186774,"16,220",Т,"1178,9",P0,80,3600,7100,БЕЗ ТО,Ст3сп,ГОСТ 14637-2024
401186875,"4,818",Т,"1178,9",P0,100,1500,4000,БЕЗ ТО,20,ГОСТ 1577-2022
401186310,"5,848",Т,"1178,9",P0,120,1500,4000,БЕЗ ТО,20,ГОСТ 1577-2022
401186320,"5,848",Т,"1178,9",P0,120,1500,4000,БЕЗ ТО,20,ГОСТ 1577-2022
401187007,"9,700",Т,"1178,9",P0,60,1700,6000,БЕЗ ТО,Ст3сп,ГОСТ 14637-2024
401187078,"4,586",Т,1296,P0,77,1500,4950,ТО-1,09Г2С,"СТО 00186217-236-2020 Изм.1,2,3,4,5"
401187680,"17,200",Т,"1129,3",P0,20,1500,6000,ТО-1,20,ГОСТ 1577-2022
401188870,"34,270",Т,1160,P0,60,1500,6000,БЕЗ ТО,Ст3сп,ГОСТ 14637-2024
401188896,"10,100",Т,"1178,9",P0,70,1500,6000,БЕЗ ТО,Ст3сп,ГОСТ 14637-2024
401188907,"57,800",Т,"1178,9",P0,80,1500,6000,БЕЗ ТО,Ст3сп,ГОСТ 14637-2024
401188879,"14,430",Т,"1178,9",P0,100,1500,6000,БЕЗ ТО,Ст3сп,ГОСТ 14637-2024
401189001,"8,620",Т,1164,P0,90,2000,6000,ТО-1,С390,ГОСТ 27772-2021
401188983,"9,578",Т,1164,P0,100,2000,6000,ТО-1,С390,ГОСТ 27772-2021
401189666,"158,409",Т,"1144,1",P0,22,2050,12000,ТО-1,С355,ГОСТ 27772-2021
401189667,"57,000",Т,"1144,1",P0,14,2530,12000,БЕЗ ТО,С355,ГОСТ 27772-2021
401189718,"8,578",Т,"1207,3",P0,125,2050,4150,ТО-1,09Г2С,"ГОСТ 5520-2017 Попр.1,2,3"
401190174,"12,961",Т,1161,P0,25,2600,6300,БЕЗ ТО,09Г2С,ГОСТ 19281-2014 ИЗМ 1
401190191,"2,737",Т,1194,P0,32,1800,6000,БЕЗ ТО,09Г2С,ГОСТ 19281-2014 ИЗМ 1
401189347,"3,850",Т,"1207,3",P0,45,1800,6000,ТО-1,20К,"ГОСТ 5520-2017 Попр.1,2,3"
401179078,"4,705",Т,"1207,3",P0,55,1800,6000,ТО-1,20К,"ГОСТ 5520-2017 Попр.1,2,3"
401190216,"15,399",Т,"1207,3",P0,60,1800,6000,ТО-1,20К,"ГОСТ 5520-2017 Попр.1,2,3"
401190273,"7,700",Т,"1162,7",P0,25,2400,8000,ТО-1,20К,"ГОСТ 5520-2017 Попр.1,2,3"
401190291,"5,200",Т,"1162,7",P0,40,2000,8000,ТО-1,20К,"ГОСТ 5520-2017 Попр.1,2,3"
401190206,"10,820",Т,1178,P0,50,3700,3700,БЕЗ ТО,09Г2С,"ГОСТ 5520-2017 Попр.1,2,3"
401190272,"21,000",Т,"1118,9",P0,10,2200,12000,БЕЗ ТО,Ст3сп,ГОСТ 14637-2024
401190412,"29,032",Т,"1162,7",P0,8,2250,6000,БЕЗ ТО,09Г2С,"ГОСТ 5520-2017 Попр.1,2,3"
401190404,"38,726",Т,"1162,7",P0,8,2250,8000,БЕЗ ТО,09Г2С,"ГОСТ 5520-2017 Попр.1,2,3"
401190411,"39,800",Т,"1162,7",P0,10,2250,8000,БЕЗ ТО,09Г2С,"ГОСТ 5520-2017 Попр.1,2,3"
401190378,"39,100",Т,"1162,7",P0,12,2250,6100,БЕЗ ТО,09Г2С,"ГОСТ 5520-2017 Попр.1,2,3"
401190532,"45,800",Т,"1144,1",P0,40,1500,6000,ТО-1,С345,ГОСТ 27772-2021
401190802,"51,068",Т,"1197,6",P0,45,2240,15544,БЕЗ ТО,S355NL,EN 10025-3:2019(Е)
401190794,"36,761",Т,"1197,6",P0,45,1609,15544,БЕЗ ТО,S355NL,EN 10025-3:2019(Е)
401190793,"35,893",Т,"1197,6",P0,"38,2",1860,15544,БЕЗ ТО,S355NL,EN 10025-3:2019(Е)
401190792,"54,244",Т,"1197,6",P0,"38,2",2801,15627,БЕЗ ТО,S355NL,EN 10025-3:2019(Е)
401190813,"48,632",Т,"1197,6",P0,"38,2",2510,15628,БЕЗ ТО,S355NL,EN 10025-3:2019(Е)
401190776,"42,549",Т,"1197,6",P0,"32,5",2570,15628,БЕЗ ТО,S355NL,EN 10025-3:2019(Е)
401190800,"46,020",Т,"1197,6",P0,"31,8",2840,15628,БЕЗ ТО,S355NL,EN 10025-3:2019(Е)
401190782,"44,897",Т,"1197,6",P0,31,2840,15628,БЕЗ ТО,S355NL,EN 10025-3:2019(Е)
401190778,"43,776",Т,"1197,6",P0,"30,2",2840,15628,БЕЗ ТО,S355NL,EN 10025-3:2019(Е)
401190797,"42,652",Т,"1197,6",P0,"29,4",2840,15628,БЕЗ ТО,S355NL,EN 10025-3:2019(Е)
401190795,"41,530",Т,"1197,6",P0,"28,6",2840,15628,БЕЗ ТО,S355NL,EN 10025-3:2019(Е)
401190783,"40,408",Т,"1197,6",P0,"27,8",2840,15628,БЕЗ ТО,S355NL,EN 10025-3:2019(Е)
401190811,"40,396",Т,"1197,6",P0,"27,5",2863,15662,БЕЗ ТО,S355NL,EN 10025-3:2019(Е)
401190787,"32,200",Т,"1197,6",P0,"27,5",2280,15662,БЕЗ ТО,S355NL,EN 10025-3:2019(Е)
401190779,"33,600",Т,"1197,6",P0,"25,5",2560,15662,БЕЗ ТО,S355NL,EN 10025-3:2019(Е)
401190784,"32,713",Т,"1197,6",P0,"24,9",2570,15662,БЕЗ ТО,S355NL,EN 10025-3:2019(Е)
401190805,"35,152",Т,"1197,6",P0,"24,2",2840,15662,БЕЗ ТО,S355NL,EN 10025-3:2019(Е)
401190812,"34,072",Т,"1197,6",P0,"23,4",2840,15662,БЕЗ ТО,S355NL,EN 10025-3:2019(Е)
401190814,"33,044",Т,"1197,6",P0,"22,7",2840,15662,БЕЗ ТО,S355NL,EN 10025-3:2019(Е)
401190785,"32,060",Т,"1197,6",P0,22,2840,15662,БЕЗ ТО,S355NL,EN 10025-3:2019(Е)
401190816,"31,076",Т,"1197,6",P0,"21,3",2840,15662,БЕЗ ТО,S355NL,EN 10025-3:2019(Е)
401190789,"30,232",Т,"1197,6",P0,"20,7",2840,15662,БЕЗ ТО,S355NL,EN 10025-3:2019(Е)
401190780,"30,149",Т,"1197,6",P0,"20,5",2855,15684,БЕЗ ТО,S355NL,EN 10025-3:2019(Е)
401190796,"27,256",Т,"1197,6",P0,"20,5",2580,15684,БЕЗ ТО,S355NL,EN 10025-3:2019(Е)
401190798,"24,952",Т,"1197,6",P0,"18,7",2580,15684,БЕЗ ТО,S355NL,EN 10025-3:2019(Е)
401190819,"26,612",Т,"1197,6",P0,"18,1",2840,15684,БЕЗ ТО,S355NL,EN 10025-3:2019(Е)
401190799,"24,781",Т,"1197,6",P0,"16,8",2840,15684,БЕЗ ТО,S355NL,EN 10025-3:2019(Е)
401190807,"24,500",Т,"1197,6",P0,"16,6",2840,15684,БЕЗ ТО,S355NL,EN 10025-3:2019(Е)
401190806,"24,360",Т,"1197,6",P0,"16,5",2840,15684,БЕЗ ТО,S355NL,EN 10025-3:2019(Е)
401190804,"23,514",Т,"1197,6",P0,"15,9",2840,15684,БЕЗ ТО,S355NL,EN 10025-3:2019(Е)
401190821,"23,618",Т,"1197,6",P0,"15,9",2850,15698,БЕЗ ТО,S355NL,EN 10025-3:2019(Е)
401190790,"24,208",Т,"1197,6",P0,"15,9",2924,15684,БЕЗ ТО,S355NL,EN 10025-3:2019(Е)
401190786,"22,712",Т,"1197,6",P0,"15,3",2917,15298,БЕЗ ТО,S355NL,EN 10025-3:2019(Е)
401190788,"22,068",Т,"1197,6",P0,"15,3",2910,14912,БЕЗ ТО,S355NL,EN 10025-3:2019(Е)
401190817,"21,448",Т,"1197,6",P0,"15,3",2903,14526,БЕЗ ТО,S355NL,EN 10025-3:2019(Е)
401190815,"20,828",Т,"1197,6",P0,"15,3",2896,14140,БЕЗ ТО,S355NL,EN 10025-3:2019(Е)
401190823,"20,456",Т,"1174,7",P0,"15,5",2888,13754,БЕЗ ТО,S355NL,EN 10025-3:2019(Е)
401190808,"17,692",Т,"1174,7",P0,"15,7",2537,13369,БЕЗ ТО,S355NL,EN 10025-3:2019(Е)
401190822,"15,669",Т,"1174,7",P0,"15,9",2276,13034,БЕЗ ТО,S355NL,EN 10025-3:2019(Е)
401190820,"16,344",Т,"1174,7",P0,"16,1",2401,12737,БЕЗ ТО,S355NL,EN 10025-3:2019(Е)
401191264,"17,657",Т,"1174,7",P0,25,1726,12421,БЕЗ ТО,S355NL,EN 10025-3:2019(Е)
401191281,"18,798",Т,"1174,7",P0,45,2100,12204,БЕЗ ТО,S355NL,EN 10025-3:2019(Е)
401191133,"39,500",Т,"1118,9",P0,16,2000,6000,БЕЗ ТО,Ст3сп,ГОСТ 14637-2024
401191080,"26,000",Т,"1118,9",P0,20,1500,6000,БЕЗ ТО,Ст3сп,ГОСТ 14637-2024
401191150,"21,300",Т,"1413,3",P1,8,1600,6000,ТО-2,Ст3сп+08Х13,"ГОСТ 10885-85 изм 1,2"
401191275,"2,856",Т,1160,P0,20,1500,6000,БЕЗ ТО,Ст3сп,ГОСТ 14637-2024
401191258,"4,284",Т,1160,P0,30,1500,6000,БЕЗ ТО,Ст3сп,ГОСТ 14637-2024
401191259,"2,570",Т,"1178,9",P0,36,1500,6000,БЕЗ ТО,Ст3сп,ГОСТ 14637-2024
401191276,"44,460",Т,1194,P0,36,2000,6000,ТО-1,09Г2С,ГОСТ 19281-2014 ИЗМ 1
401191260,"9,313",Т,"1178,9",P0,120,1600,6000,БЕЗ ТО,20,ГОСТ 1577-2022
401191927,"1,503",Т,1202,P4,16,1650,7200,БЕЗ ТО,10Г2ФБЮ,"СТО 00186217-340-2015 изм 1,2"
401191962,"2,221",Т,1202,P4,16,1870,9400,БЕЗ ТО,10Г2ФБЮ,"СТО 00186217-340-2015 изм 1,2"
401191940,"16,284",Т,1202,P4,16,2500,8600,БЕЗ ТО,10Г2ФБЮ,"СТО 00186217-340-2015 изм 1,2"
401191950,"5,313",Т,1202,P4,18,1550,8000,БЕЗ ТО,10Г2ФБЮ,"СТО 00186217-340-2015 изм 1,2"
401191961,"14,400",Т,1202,P4,18,1550,10850,БЕЗ ТО,10Г2ФБЮ,"СТО 00186217-340-2015 изм 1,2"
401191939,"16,012",Т,1202,P4,18,2501,11250,БЕЗ ТО,10Г2ФБЮ,"СТО 00186217-340-2015 изм 1,2"
401191953,"21,203",Т,1202,P4,18,1771,12000,БЕЗ ТО,10Г2ФБЮ,"СТО 00186217-340-2015 изм 1,2"
401191971,"109,700",Т,1202,P4,18,1901,11250,БЕЗ ТО,10Г2ФБЮ,"СТО 00186217-340-2015 изм 1,2"
401191985,"6,120",Т,1202,P4,18,2500,8600,БЕЗ ТО,10Г2ФБЮ,"СТО 00186217-340-2015 изм 1,2"
401191929,"19,695",Т,1202,P4,20,2301,10700,БЕЗ ТО,10Г2ФБЮ,"СТО 00186217-340-2015 изм 1,2"
401191928,"4,802",Т,1202,P4,22,1600,8600,БЕЗ ТО,10Г2ФБЮ,"СТО 00186217-340-2015 изм 1,2"
401191949,"7,312",Т,1202,P4,22,2100,10000,БЕЗ ТО,10Г2ФБЮ,"СТО 00186217-340-2015 изм 1,2"
401191930,"4,913",Т,1202,P4,24,1500,8600,БЕЗ ТО,10Г2ФБЮ,"СТО 00186217-340-2015 изм 1,2"
401191972,"6,400",Т,1202,P4,24,1550,10850,БЕЗ ТО,10Г2ФБЮ,"СТО 00186217-340-2015 изм 1,2"
401191952,"4,570",Т,1202,P4,24,1600,7500,БЕЗ ТО,10Г2ФБЮ,"СТО 00186217-340-2015 изм 1,2"
401191977,"24,234",Т,1202,P4,24,1771,12000,БЕЗ ТО,10Г2ФБЮ,"СТО 00186217-340-2015 изм 1,2"
401191956,"12,779",Т,1202,P4,24,2301,10700,БЕЗ ТО,10Г2ФБЮ,"СТО 00186217-340-2015 изм 1,2"
401191965,"3,902",Т,1202,P4,26,1500,6300,БЕЗ ТО,10Г2ФБЮ,"СТО 00186217-340-2015 изм 1,2"
401191963,"20,766",Т,1202,P4,26,1910,8800,БЕЗ ТО,10Г2ФБЮ,"СТО 00186217-340-2015 изм 1,2"
401191981,"8,122",Т,1202,P4,26,2450,8060,БЕЗ ТО,10Г2ФБЮ,"СТО 00186217-340-2015 изм 1,2"
401191983,"4,868",Т,1202,P4,28,1500,7300,БЕЗ ТО,10Г2ФБЮ,"СТО 00186217-340-2015 изм 1,2"
401191975,"5,134",Т,1202,P4,28,1500,7700,БЕЗ ТО,10Г2ФБЮ,"СТО 00186217-340-2015 изм 1,2"
401191966,"3,055",Т,1202,P4,28,1600,8600,БЕЗ ТО,10Г2ФБЮ,"СТО 00186217-340-2015 изм 1,2"
401191964,"17,209",Т,1202,P4,28,1700,7600,БЕЗ ТО,10Г2ФБЮ,"СТО 00186217-340-2015 изм 1,2"
401191984,"21,805",Т,1202,P4,28,2301,10700,БЕЗ ТО,10Г2ФБЮ,"СТО 00186217-340-2015 изм 1,2"
401191955,"4,176",Т,1202,P4,30,1870,9400,БЕЗ ТО,10Г2ФБЮ,"СТО 00186217-340-2015 изм 1,2"
401191954,"4,260",Т,1202,P4,32,1910,8800,БЕЗ ТО,10Г2ФБЮ,"СТО 00186217-340-2015 изм 1,2"
401191982,"5,440",Т,1202,P4,32,2500,8600,БЕЗ ТО,10Г2ФБЮ,"СТО 00186217-340-2015 изм 1,2"
401191967,"41,490",Т,1202,P4,36,2270,10700,БЕЗ ТО,10Г2ФБЮ,"СТО 00186217-340-2015 изм 1,2"
401191986,"15,174",Т,1202,P4,38,1910,8800,БЕЗ ТО,10Г2ФБЮ,"СТО 00186217-340-2015 изм 1,2"
401191978,"15,583",Т,1202,P4,40,2000,8200,БЕЗ ТО,10Г2ФБЮ,"СТО 00186217-340-2015 изм 1,2"
401191973,"14,454",Т,1202,P4,38,2750,8750,БЕЗ ТО,10Г2ФБЮ,"СТО 00186217-340-2015 изм 1,2"
401191976,"4,922",Т,1202,P4,42,1500,9850,БЕЗ ТО,10Г2ФБЮ,"СТО 00186217-340-2015 изм 1,2"
401191968,"25,412",Т,1202,P4,48,1910,8750,БЕЗ ТО,10Г2ФБЮ,"СТО 00186217-340-2015 изм 1,2"
401191988,"17,272",Т,1202,P4,20,2540,8600,БЕЗ ТО,10Г2ФБЮ,"СТО 00186217-340-2015 изм 1,2"
401194962,"9,729",Т,1202,P4,36,2151,7850,БЕЗ ТО,10Г2ФБЮ,"СТО 00186217-340-2015 изм 1,2"
401192028,"42,800",Т,"1129,3",P0,32,1500,4000,ТО-1,20,ГОСТ 1577-2022
401193304,"5,768",Т,"1118,9",P0,20,1500,6000,БЕЗ ТО,Ст3сп,ГОСТ 14637-2024
401193303,"53,690",Т,"1118,9",P0,30,1500,6000,ТО-1,Ст3сп,ГОСТ 14637-2024
401193295,"31,020",Т,"1118,9",P0,36,1500,6000,ТО-1,Ст3сп,ГОСТ 14637-2024
401195489,"4,600",Т,"1162,7",P0,16,1500,6000,ТО-2,12Х1МФ,"ГОСТ 5520-2017 Попр.1,2,3"
401195905,"18,300",Т,"1118,9",P0,32,2000,6000,ТО-1,Ст3сп,ГОСТ 14637-2024
401195923,"10,200",Т,"1118,9",P0,40,2000,4000,ТО-1,Ст3сп,ГОСТ 14637-2024
401195906,"22,400",Т,"1118,9",P0,40,2200,4000,ТО-1,Ст3сп,ГОСТ 14637-2024
401196761,"10,300",Т,"1118,9",P0,36,1650,4000,ТО-1,Ст3сп,ГОСТ 14637-2024
401196184,"20,000",Т,"1118,9",P0,30,1500,6000,ТО-1,Ст3сп,ГОСТ 14637-2024
401196249,"16,230",Т,"1178,9",P0,75,1500,6000,БЕЗ ТО,20,ГОСТ 1577-2022
401196355,"63,568",Т,"1118,9",P0,10,2000,6000,БЕЗ ТО,Ст3сп,ГОСТ 14637-2024
401196356,"3,479",Т,"1118,9",P0,12,2000,6000,БЕЗ ТО,Ст3сп,ГОСТ 14637-2024
401196382,"18,300",Т,"1118,9",P0,16,2000,6000,БЕЗ ТО,Ст3сп,ГОСТ 14637-2024
401196426,"22,986",Т,"1178,9",P0,80,2000,6000,БЕЗ ТО,Ст3сп,ГОСТ 14637-2024
401196512,"29,007",Т,"1178,9",P0,120,2000,5000,БЕЗ ТО,20,ГОСТ 1577-2022
401196520,"9,449",Т,"1207,3",P0,150,1950,4000,ТО-1,09Г2С,"ГОСТ 5520-2017 Попр.1,2,3"
401196631,"246,840",Т,1178,P0,10,3770,7550,БЕЗ ТО,09Г2С,"ГОСТ 5520-2017 Попр.1,2,3"
401196699,"47,480",Т,"1163,6",P0,40,1560,12000,БЕЗ ТО,С355,ГОСТ 27772-2021
401197136,"2,860",Т,"1118,9",P0,10,1500,6000,БЕЗ ТО,Ст3сп,ГОСТ 14637-2024
401196230,"62,240",Т,1165,P0,12,1500,6000,БЕЗ ТО,09Г2С,ГОСТ 19281-2014 ИЗМ 1
401197134,"59,965",Т,1160,P0,60,1500,6000,БЕЗ ТО,Ст3сп,ГОСТ 14637-2024
401197106,"57,701",Т,"1178,9",P0,80,1500,6000,БЕЗ ТО,Ст3сп,ГОСТ 14637-2024
401197377,"66,100",Т,1165,P0,10,1500,6000,БЕЗ ТО,09Г2С,ГОСТ 19281-2014 ИЗМ 1
401197384,"66,500",Т,1165,P0,12,1500,6000,БЕЗ ТО,09Г2С,ГОСТ 19281-2014 ИЗМ 1
401197420,"21,572",Т,"1118,9",P0,12,1500,6000,БЕЗ ТО,Ст3сп,ГОСТ 14637-2024
401197441,"35,800",Т,"1118,9",P0,14,1500,6000,БЕЗ ТО,Ст3сп,ГОСТ 14637-2024
401197459,"2,608",Т,"1118,9",P0,12,1500,6000,БЕЗ ТО,Ст3сп,ГОСТ 14637-2024
401197457,"66,100",Т,1165,P0,10,1500,6000,БЕЗ ТО,09Г2С,ГОСТ 19281-2014 ИЗМ 1
401197533,"21,400",Т,1165,P0,10,1500,6000,БЕЗ ТО,09Г2С,ГОСТ 19281-2014 ИЗМ 1
401197581,"11,120",Т,"1118,9",P0,12,1500,6000,БЕЗ ТО,Ст3сп,ГОСТ 14637-2024
401197582,"66,500",Т,1165,P0,12,1500,6000,БЕЗ ТО,09Г2С,ГОСТ 19281-2014 ИЗМ 1
401197601,"3,000",Т,1165,P0,20,1500,6000,ТО-1,09Г2С,ГОСТ 19281-2014 ИЗМ 1
401197584,"4,300",Т,1165,P0,30,1500,6000,ТО-1,09Г2С,ГОСТ 19281-2014 ИЗМ 1
401197583,"11,500",Т,1165,P0,40,1500,6000,ТО-1,09Г2С,ГОСТ 19281-2014 ИЗМ 1
401197724,"56,214",Т,1164,P0,60,1850,7100,БЕЗ ТО,С355,ГОСТ 27772-2021
401197726,"29,692",Т,"1163,6",P0,60,2700,11600,БЕЗ ТО,С355,ГОСТ 27772-2021
401197727,"40,224",Т,1164,P0,70,2000,6000,БЕЗ ТО,С355,ГОСТ 27772-2021
401197728,"31,028",Т,"1163,6",P0,80,2100,11600,БЕЗ ТО,С355,ГОСТ 27772-2021
401197284,"33,100",Т,1165,P0,25,2200,7600,БЕЗ ТО,09Г2С,ГОСТ 19281-2014 ИЗМ 1
401197833,"7,700",Т,"1178,9",P0,80,2000,6000,БЕЗ ТО,Ст3сп,ГОСТ 14637-2024
401197831,"34,480",Т,"1178,9",P0,90,2000,6000,БЕЗ ТО,Ст3сп,ГОСТ 14637-2024
401197815,"24,048",Т,"1178,9",P0,110,1500,6000,БЕЗ ТО,Ст3сп,ГОСТ 14637-2024
401197832,"30,294",Т,1164,P0,70,1500,6000,БЕЗ ТО,09Г2С,ГОСТ 19281-2014 ИЗМ 1
401197809,"30,648",Т,1188,P0,80,2000,6000,БЕЗ ТО,09Г2С,ГОСТ 19281-2014 ИЗМ 1
401197834,"19,474",Т,1188,P0,90,1500,6000,БЕЗ ТО,09Г2С,ГОСТ 19281-2014 ИЗМ 1
401197835,"28,852",Т,1188,P0,100,1500,6000,БЕЗ ТО,09Г2С,ГОСТ 19281-2014 ИЗМ 1
401197824,"30,294",Т,"1178,9",P0,70,1500,6000,БЕЗ ТО,20,ГОСТ 1577-2022
401208610,"20,112",Т,"1178,9",P0,70,2000,6000,БЕЗ ТО,Ст3сп,ГОСТ 14637-2024
401208583,"22,986",Т,"1178,9",P0,80,2000,6000,БЕЗ ТО,Ст3сп,ГОСТ 14637-2024
401198070,"4,100",Т,"1118,9",P0,8,1800,6000,БЕЗ ТО,Ст3сп,ГОСТ 14637-2024
401198134,"25,245",Т,"1178,9",P0,70,1500,6000,БЕЗ ТО,20,ГОСТ 1577-2022
401199212,"25,245",Т,1164,P0,70,1500,6000,БЕЗ ТО,09Г2С,ГОСТ 19281-2014 ИЗМ 1
401198983,"23,800",Т,"1194,1",P0,18,2940,9480,БЕЗ ТО,S355J2,EN 10025-2:2019
401198984,"8,100",Т,"1174,7",P0,15,2840,11990,БЕЗ ТО,S355J2,EN 10025-2:2019
401199121,"21,639",Т,1188,P0,100,1500,6000,ТО-1,30ХГСА,"ГОСТ 11269-76 изм 1,2,3 попр ИУС 4 2001"
401199098,"26,233",Т,1188,P0,120,1500,6000,ТО-1,30ХГСА,"ГОСТ 11269-76 изм 1,2,3 попр ИУС 4 2001"
401199104,"17,024",Т,1188,P0,140,1500,5000,ТО-1,30ХГСА,"ГОСТ 11269-76 изм 1,2,3 попр ИУС 4 2001"
401199184,"56,400",Т,1152,P0,20,2120,12000,ТО-2,10ХСНД,ГОСТ Р 55374-2012
401199149,"91,900",Т,1152,P0,20,2420,12000,ТО-2,10ХСНД,ГОСТ Р 55374-2012
401199174,"20,300",Т,1152,P0,25,2120,12000,ТО-2,10ХСНД,ГОСТ Р 55374-2012
401199191,"57,400",Т,1152,P0,25,2420,12000,ТО-2,10ХСНД,ГОСТ Р 55374-2012
401199182,"90,200",Т,1152,P0,32,2120,12000,ТО-2,10ХСНД,ГОСТ Р 55374-2012
401199183,"90,000",Т,1152,P0,32,2420,10500,ТО-2,10ХСНД,ГОСТ Р 55374-2012
401199170,"111,800",Т,1152,P0,40,2120,9800,ТО-2,10ХСНД,ГОСТ Р 55374-2012
401199175,"6,700",Т,1152,P0,40,2320,9000,ТО-2,10ХСНД,ГОСТ Р 55374-2012
401199173,"45,600",Т,1152,P0,40,2420,8500,ТО-2,10ХСНД,ГОСТ Р 55374-2012
401199177,"31,337",Т,1202,P4,36,2000,11000,БЕЗ ТО,10Г2ФБЮ,"СТО 00186217-340-2015 изм 1,2"
401199344,"19,000",Т,1165,P0,22,1500,6000,ТО-2,09Г2С,ГОСТ 19281-2014 ИЗМ 1
401199361,"32,200",Т,1165,P0,25,1500,6000,ТО-2,09Г2С,ГОСТ 19281-2014 ИЗМ 1
401199339,"32,200",Т,1165,P0,30,1500,6000,ТО-2,09Г2С,ГОСТ 19281-2014 ИЗМ 1
401199425,"23,905",Т,1165,P0,16,1500,6000,БЕЗ ТО,09Г2С,ГОСТ 19281-2014 ИЗМ 1
401199517,"45,864",Т,"1118,9",P0,20,1500,6000,ТО-1,Ст3сп,ГОСТ 14637-2024
401199562,"12,200",Т,1130,P0,8,2000,8000,ТО-1,20К,"ГОСТ 5520-2017 Попр.1,2,3"
401199561,"25,300",Т,"1162,7",P0,10,2000,8000,ТО-1,20К,"ГОСТ 5520-2017 Попр.1,2,3"
401199569,"12,200",Т,"1162,7",P0,12,2000,8000,ТО-1,20К,"ГОСТ 5520-2017 Попр.1,2,3"
401199585,"22,900",Т,"1162,7",P0,20,1500,6000,ТО-1,20К,"ГОСТ 5520-2017 Попр.1,2,3"
401199558,"14,300",Т,"1118,9",P0,10,2000,6000,ТО-1,Ст3сп,ГОСТ 14637-2024
401199559,"22,900",Т,"1118,9",P0,20,2000,6000,ТО-1,Ст3сп,ГОСТ 14637-2024
401199565,"14,300",Т,"1118,9",P0,25,2000,6000,ТО-1,Ст3сп,ГОСТ 14637-2024
401199550,"19,200",Т,"1129,3",P0,10,1500,6000,ТО-1,20,ГОСТ 1577-2022
401199577,"10,300",Т,"1129,3",P0,12,1500,6000,ТО-1,20,ГОСТ 1577-2022
401199582,"22,900",Т,"1129,3",P0,20,1500,6000,ТО-1,20,ГОСТ 1577-2022
401199583,"11,500",Т,"1129,3",P0,30,2000,6000,ТО-1,20,ГОСТ 1577-2022
401199570,"22,900",Т,"1129,3",P0,40,1500,6000,ТО-1,20,ГОСТ 1577-2022
401199616,"9,200",Т,"1162,7",P0,18,2000,8000,ТО-1,09Г2С,"ГОСТ 5520-2017 Попр.1,2,3"
401199615,"19,000",Т,"1162,7",P0,22,1500,6000,ТО-1,09Г2С,"ГОСТ 5520-2017 Попр.1,2,3"
401199641,"19,300",Т,"1162,7",P0,30,1500,6000,ТО-1,09Г2С,"ГОСТ 5520-2017 Попр.1,2,3"
401199631,"20,300",Т,"1162,7",P0,40,2000,8000,ТО-1,09Г2С,"ГОСТ 5520-2017 Попр.1,2,3"
401199645,"10,000",Т,1165,P0,25,2000,6000,ТО-2,10ХСНД,ГОСТ 19281-2014 ИЗМ 1
401199644,"19,300",Т,1165,P0,30,1500,6000,ТО-2,10ХСНД,ГОСТ 19281-2014 ИЗМ 1
401199636,"19,000",Т,1165,P0,40,2000,6000,ТО-2,10ХСНД,ГОСТ 19281-2014 ИЗМ 1
401199630,"11,400",Т,"1204,7",P0,8,2000,6000,ТО-2,15ХСНД,"ГОСТ 6713-2021 Попр.1,2"
401199637,"19,200",Т,"1204,7",P0,10,1500,6000,ТО-2,15ХСНД,"ГОСТ 6713-2021 Попр.1,2"
401200698,"129,700",Т,"1144,1",P0,8,2000,6000,ТО-2,С355,ГОСТ 27772-2021
401200712,"65,000",Т,"1144,1",P0,20,2000,6000,ТО-2,С355,ГОСТ 27772-2021
401200699,"23,282",Т,1188,P0,150,1600,6000,ТО-1,09Г2С,ГОСТ 19281-2014 ИЗМ 1
401200789,"16,032",Т,1188,P0,110,1500,6000,ТО-1,09Г2С,ГОСТ 19281-2014 ИЗМ 1
401200831,"20,196",Т,"1178,9",P0,70,1500,6000,ТО-2,45,ГОСТ 1577-2022
401201132,"4,276",Т,1148,P0,25,1800,12000,БЕЗ ТО,С355,ГОСТ 27772-2021
401200336,"25,689",Т,1148,P0,30,1500,12000,БЕЗ ТО,С355,ГОСТ 27772-2021
401201389,"5,138",Т,"1163,6",P0,36,1500,12000,БЕЗ ТО,С355,ГОСТ 27772-2021
401200338,"119,889",Т,"1163,6",P0,40,1500,12000,БЕЗ ТО,С355,ГОСТ 27772-2021
401199528,"14,272",Т,"1163,6",P0,50,1500,12000,БЕЗ ТО,С355,ГОСТ 27772-2021
401199529,"27,208",Т,1148,P0,22,1500,13000,БЕЗ ТО,С355,ГОСТ 27772-2021
401201476,"4,947",Т,"1163,6",P0,32,1500,13000,БЕЗ ТО,С355,ГОСТ 27772-2021
401201477,"4,040",Т,1148,P0,25,1700,12000,БЕЗ ТО,С390,ГОСТ 27772-2021
401201532,"11,418",Т,"1163,6",P0,40,1500,12000,БЕЗ ТО,С390,ГОСТ 27772-2021
401200801,"19,200",Т,1165,P0,10,1500,6000,БЕЗ ТО,09Г2С,ГОСТ 19281-2014 ИЗМ 1
401200844,"9,950",Т,"1241,9",P0,110,2400,4800,ТО-2,16ГНМА,ОСТ 108.030.118-78
401200845,"87,300",Т,"1241,9",P0,105,2100,5600,ТО-2,16ГНМА,ОСТ 108.030.118-78
401200998,"39,810",Т,1230,P0,14,2000,6000,БЕЗ ТО,09Г2С,ГОСТ 19281-2014 ИЗМ 1
401200985,"19,992",Т,1230,P0,20,1500,6000,БЕЗ ТО,09Г2С,ГОСТ 19281-2014 ИЗМ 1
401201015,"21,375",Т,1194,P0,25,2000,6000,БЕЗ ТО,09Г2С,ГОСТ 19281-2014 ИЗМ 1
401201023,"19,950",Т,1194,P0,30,2000,6000,БЕЗ ТО,09Г2С,ГОСТ 19281-2014 ИЗМ 1
401201014,"29,990",Т,1160,P0,20,1500,6000,БЕЗ ТО,Ст3сп,ГОСТ 14637-2024
401201080,"20,466",Т,1230,P0,16,1500,6000,БЕЗ ТО,09Г2С,ГОСТ 19281-2014 ИЗМ 1
401201064,"25,704",Т,1230,P0,20,1500,6000,БЕЗ ТО,09Г2С,ГОСТ 19281-2014 ИЗМ 1
401201111,"21,420",Т,1160,P0,30,1500,6000,БЕЗ ТО,Ст3сп,ГОСТ 14637-2024
401201112,"19,000",Т,"1129,3",P0,50,2000,6000,ТО-1,20,ГОСТ 1577-2022
401201182,"19,708",Т,1230,P0,16,2000,6000,БЕЗ ТО,09Г2С,ГОСТ 19281-2014 ИЗМ 1
401201109,"20,520",Т,1230,P0,18,2000,6000,БЕЗ ТО,09Г2С,ГОСТ 19281-2014 ИЗМ 1
401201159,"19,992",Т,1230,P0,20,1500,6000,БЕЗ ТО,09Г2С,ГОСТ 19281-2014 ИЗМ 1
401201175,"40,700",Т,1194,P0,30,1500,6000,БЕЗ ТО,09Г2С,ГОСТ 19281-2014 ИЗМ 1
401201157,"79,800",Т,1194,P0,30,2000,6000,БЕЗ ТО,09Г2С,ГОСТ 19281-2014 ИЗМ 1
401201174,"19,992",Т,1194,P0,40,1500,6000,БЕЗ ТО,09Г2С,ГОСТ 19281-2014 ИЗМ 1
401201108,"41,790",Т,1194,P0,40,2000,6000,БЕЗ ТО,09Г2С,ГОСТ 19281-2014 ИЗМ 1
401201158,"19,992",Т,1160,P0,20,1500,6000,БЕЗ ТО,Ст3сп,ГОСТ 14637-2024
401201191,"24,241",Т,1230,P0,16,2000,12000,БЕЗ ТО,09Г2С,ГОСТ 19281-2014 ИЗМ 1
401201201,"19,278",Т,1160,P0,30,1500,6000,БЕЗ ТО,Ст3сп,ГОСТ 14637-2024
401201202,"20,560",Т,1160,P0,36,1500,6000,БЕЗ ТО,Ст3сп,ГОСТ 14637-2024
401201277,"33,332",Т,1230,P0,16,2000,12000,БЕЗ ТО,09Г2С,ГОСТ 19281-2014 ИЗМ 1
401201302,"32,844",Т,1160,P0,20,1500,6000,БЕЗ ТО,Ст3сп,ГОСТ 14637-2024
401201316,"68,600",Т,1165,P0,20,1500,6000,БЕЗ ТО,09Г2С,ГОСТ 19281-2014 ИЗМ 1
401201341,"22,892",Т,1188,P0,80,3000,6000,БЕЗ ТО,09Г2С,ГОСТ 19281-2014 ИЗМ 1
401201265,"12,915",Т,1188,P0,200,2000,4000,БЕЗ ТО,09Г2С,ГОСТ 19281-2014 ИЗМ 1
401201330,"129,950",Т,1230,P0,20,1500,6000,БЕЗ ТО,09Г2С,ГОСТ 19281-2014 ИЗМ 1
401201347,"32,130",Т,1194,P0,25,1500,6000,БЕЗ ТО,09Г2С,ГОСТ 19281-2014 ИЗМ 1
401201362,"32,124",Т,1164,P0,50,1500,6000,БЕЗ ТО,09Г2С,ГОСТ 19281-2014 ИЗМ 1
401201553,"68,600",Т,"1118,9",P0,20,1500,6000,БЕЗ ТО,Ст3сп,ГОСТ 14637-2024
401201745,"174,000",Т,"1129,3",P0,20,2300,7700,ТО-1,50Г,ГОСТ 1577-2022
401201829,"21,100",Т,"1129,3",P0,25,2300,7700,ТО-1,50Г,ГОСТ 1577-2022
401201836,"13,200",Т,1165,P0,22,2300,8200,БЕЗ ТО,09Г2С,ГОСТ 19281-2014 ИЗМ 1
401201899,"10,300",Т,1165,P0,12,2500,7200,БЕЗ ТО,09Г2С,ГОСТ 19281-2014 ИЗМ 1
401201926,"10,100",Т,1165,P0,8,2200,6000,БЕЗ ТО,09Г2С,ГОСТ 19281-2014 ИЗМ 1
401201929,"38,000",Т,1165,P0,12,2500,8000,БЕЗ ТО,09Г2С,ГОСТ 19281-2014 ИЗМ 1
401201967,"14,200",Т,1165,P0,14,2000,6400,БЕЗ ТО,09Г2С,ГОСТ 19281-2014 ИЗМ 1
401201953,"44,300",Т,1165,P0,14,2500,8000,БЕЗ ТО,09Г2С,ГОСТ 19281-2014 ИЗМ 1
401201977,"80,700",Т,1165,P0,18,2300,8200,БЕЗ ТО,09Г2С,ГОСТ 19281-2014 ИЗМ 1
401201969,"52,000",Т,1165,P0,20,2300,9500,БЕЗ ТО,09Г2С,ГОСТ 19281-2014 ИЗМ 1
401201846,"15,147",Т,"1178,9",P0,70,1500,6000,БЕЗ ТО,20,ГОСТ 1577-2022
401201885,"30,294",Т,"1178,9",P0,70,1500,6000,БЕЗ ТО,20,ГОСТ 1577-2022
401202025,"40,000",Т,"1129,3",P0,14,1500,6000,ТО-1,20,ГОСТ 1577-2022
401202619,"21,184",Т,1188,P0,90,2050,7200,ТО-1,09Г2С,ГОСТ 19281-2014 ИЗМ 1
401202620,"18,900",Т,1188,P0,110,2050,5200,ТО-1,09Г2С,ГОСТ 19281-2014 ИЗМ 1
401202680,"22,800",Т,1165,P0,8,2000,9000,БЕЗ ТО,09Г2С,ГОСТ 19281-2014 ИЗМ 1
401202658,"22,800",Т,1165,P0,10,2000,9000,БЕЗ ТО,09Г2С,ГОСТ 19281-2014 ИЗМ 1
401202727,"23,900",Т,1165,P0,12,2000,6000,БЕЗ ТО,09Г2С,ГОСТ 19281-2014 ИЗМ 1
401202753,"22,800",Т,1165,P0,16,2000,9000,БЕЗ ТО,09Г2С,ГОСТ 19281-2014 ИЗМ 1
401202069,"22,900",Т,1165,P0,20,2000,9000,БЕЗ ТО,09Г2С,ГОСТ 19281-2014 ИЗМ 1
401202772,"21,400",Т,1165,P0,25,2000,9000,БЕЗ ТО,09Г2С,ГОСТ 19281-2014 ИЗМ 1
401202725,"19,059",Т,"1178,9",P0,80,1600,6200,ТО-1,35,ГОСТ 1577-2022
401202726,"17,166",Т,1160,P0,90,2300,5200,ТО-1,35,ГОСТ 1577-2022
401202794,"12,200",Т,1165,P0,34,1500,6000,ТО-2,09Г2С,ГОСТ 19281-2014 ИЗМ 1
401202791,"16,952",Т,1148,P0,16,2800,12000,БЕЗ ТО,С255,ГОСТ 27772-2021
401202070,"33,709",Т,1148,P0,25,3560,12000,БЕЗ ТО,С355,ГОСТ 27772-2021
401202776,"21,300",Т,"1162,7",P0,12,2000,8000,ТО-1,09Г2С,"ГОСТ 5520-2017 Попр.1,2,3"
401202763,"19,600",Т,"1162,7",P0,22,2000,8000,ТО-1,09Г2С,"ГОСТ 5520-2017 Попр.1,2,3"
401202908,"28,512",Т,1194,P0,25,2000,8000,БЕЗ ТО,09Г2С,ГОСТ 19281-2014 ИЗМ 1
401202909,"19,005",Т,1194,P0,30,2000,8000,БЕЗ ТО,09Г2С,ГОСТ 19281-2014 ИЗМ 1
401202910,"50,174",Т,1194,P0,36,2000,8000,БЕЗ ТО,09Г2С,ГОСТ 19281-2014 ИЗМ 1
401202931,"25,662",Т,"1238,5",P0,45,1800,10000,БЕЗ ТО,09Г2С,ГОСТ 19281-2014 ИЗМ 1
401202932,"70,353",Т,1188,P0,70,2000,7000,БЕЗ ТО,09Г2С,ГОСТ 19281-2014 ИЗМ 1
401202940,"11,400",Т,1160,P0,30,2000,6000,ТО-1,20Юч,ТУ 14-1-4853-2017 изм 1
401203073,"32,000",Т,1165,P0,14,2000,6000,БЕЗ ТО,09Г2С,ГОСТ 19281-2014 ИЗМ 1
401203209,"65,412",Т,1230,P0,10,2000,6000,БЕЗ ТО,09Г2С,ГОСТ 19281-2014 ИЗМ 1
401203187,"32,232",Т,1230,P0,10,2000,6000,БЕЗ ТО,09Г2С,ГОСТ 19281-2014 ИЗМ 1
401203195,"32,844",Т,1160,P0,20,1500,6000,БЕЗ ТО,Ст3сп,ГОСТ 14637-2024
401203200,"24,648",Т,1230,P0,10,2000,6000,БЕЗ ТО,09Г2С,ГОСТ 19281-2014 ИЗМ 1
401203225,"25,014",Т,1230,P0,12,2000,6000,БЕЗ ТО,09Г2С,ГОСТ 19281-2014 ИЗМ 1
401203218,"15,708",Т,1230,P0,20,1500,6000,БЕЗ ТО,09Г2С,ГОСТ 19281-2014 ИЗМ 1
401203316,"30,902",Т,1188,P0,160,2000,6000,БЕЗ ТО,09Г2С,ГОСТ 19281-2014 ИЗМ 1
401203634,"12,800",Т,1165,P0,18,2080,10700,ТО-1,09Г2С,ГОСТ 19281-2014 ИЗМ 1
401203680,"9,900",Т,1165,P0,18,1600,10700,ТО-1,09Г2С,ГОСТ 19281-2014 ИЗМ 1
401203565,"20,824",Т,1178,P0,50,1300,4950,ТО-1,09Г2С,"ГОСТ 5520-2017 Попр.1,2,3"
401203792,"1 857,755",Т,"1191,968",P4,"45,8",2442,12040,БЕЗ ТО,К60,СТО 00186217-389-2019
401204167,"4,996",Т,1188,P0,65,1600,6000,ТО-1,30ХГСА,"ГОСТ 11269-76 изм 1,2,3 попр ИУС 4 2001"
401204212,"16,140",Т,1188,P0,70,1600,6000,ТО-1,30ХГСА,"ГОСТ 11269-76 изм 1,2,3 попр ИУС 4 2001"
401204301,"18,447",Т,1188,P0,80,1600,6000,ТО-1,30ХГСА,"ГОСТ 11269-76 изм 1,2,3 попр ИУС 4 2001"
401204311,"6,533",Т,1188,P0,85,1600,6000,ТО-1,30ХГСА,"ГОСТ 11269-76 изм 1,2,3 попр ИУС 4 2001"
401204323,"27,668",Т,1188,P0,90,1600,6000,ТО-1,30ХГСА,"ГОСТ 11269-76 изм 1,2,3 попр ИУС 4 2001"
401204289,"30,744",Т,1188,P0,100,1600,6000,ТО-1,30ХГСА,"ГОСТ 11269-76 изм 1,2,3 попр ИУС 4 2001"
401204296,"23,490",Т,1188,P0,110,1600,5500,ТО-1,30ХГСА,"ГОСТ 11269-76 изм 1,2,3 попр ИУС 4 2001"
401204253,"31,084",Т,1188,P0,120,1600,5000,ТО-1,30ХГСА,"ГОСТ 11269-76 изм 1,2,3 попр ИУС 4 2001"
401204303,"33,672",Т,1188,P0,130,1600,5000,ТО-1,30ХГСА,"ГОСТ 11269-76 изм 1,2,3 попр ИУС 4 2001"
401204363,"16,332",Т,1188,P0,140,1600,4500,ТО-1,30ХГСА,"ГОСТ 11269-76 изм 1,2,3 попр ИУС 4 2001"
401204016,"15,570",Т,1188,P0,150,1600,4000,ТО-1,30ХГСА,"ГОСТ 11269-76 изм 1,2,3 попр ИУС 4 2001"
401204383,"8,038",Т,1188,P0,160,1600,4000,ТО-1,30ХГСА,"ГОСТ 11269-76 изм 1,2,3 попр ИУС 4 2001"
401204293,"20,169",Т,1178,P0,14,3000,8700,БЕЗ ТО,09Г2С,"ГОСТ 5520-2017 Попр.1,2,3"
401204683,"6,084",Т,1164,P0,40,3100,3100,БЕЗ ТО,09Г2С,ГОСТ 19281-2014 ИЗМ 1
401204756,"68,600",Т,"1118,9",P0,20,1500,6000,БЕЗ ТО,Ст3сп,ГОСТ 14637-2024
401205050,"25,728",Т,1194,P0,30,1900,9500,ТО-1,09Г2С,ГОСТ 19281-2014 ИЗМ 1
401205297,"64,078",Т,1230,P0,20,2200,8000,ТО-1,09Г2С,ГОСТ 19281-2014 ИЗМ 1
401205302,"28,494",Т,1164,P0,50,2000,6000,БЕЗ ТО,09Г2С,ГОСТ 19281-2014 ИЗМ 1
401205312,"34,194",Т,1188,P0,60,2000,6000,ТО-1,09Г2С,ГОСТ 19281-2014 ИЗМ 1
401205321,"91,782",Т,"1163,6",P0,70,2500,11000,ТО-1,09Г2С,ГОСТ 19281-2014 ИЗМ 1
401205250,"13,408",Т,1188,P0,70,2000,6000,ТО-1,09Г2С,ГОСТ 19281-2014 ИЗМ 1
401205313,"61,292",Т,1164,P0,20,2200,8000,БЕЗ ТО,10ХСНД,ГОСТ 19281-2014 ИЗМ 1
401205311,"12,537",Т,1164,P0,30,2200,8000,БЕЗ ТО,10ХСНД,ГОСТ 19281-2014 ИЗМ 1
401204976,"64,500",Т,1165,P0,30,1500,6000,ТО-2,10ХСНД,ГОСТ 19281-2014 ИЗМ 1
401205023,"271,526",Т,1178,P0,10,3770,7550,БЕЗ ТО,09Г2С,"ГОСТ 5520-2017 Попр.1,2,3"
401205246,"25,600",Т,"1204,7",P0,10,1500,6000,ТО-2,15ХСНД,"ГОСТ 6713-2021 Попр.1,2"
401206456,"34,200",Т,"1204,7",P0,12,1500,10000,ТО-2,15ХСНД,"ГОСТ 6713-2021 Попр.1,2"
401206264,"75,500",Т,"1211,9",P0,12,2000,8000,ТО-1,РС A,ГОСТ Р 52927-2023
401206356,"195,100",Т,1200,P0,10,2000,12000,ТО-2,С355,ГОСТ 27772-2021
401206168,"68,700",Т,"1118,9",P0,20,1500,6000,БЕЗ ТО,Ст3сп,ГОСТ 14637-2024
401202136,"64,400",Т,"1118,9",P0,25,1500,6000,ТО-1,Ст3сп,ГОСТ 14637-2024
401206659,"32,300",Т,"1118,9",P0,30,1500,6000,ТО-1,Ст3сп,ГОСТ 14637-2024
401206649,"34,400",Т,"1118,9",P0,40,1500,6000,ТО-1,Ст3сп,ГОСТ 14637-2024
401206824,"10,300",Т,1165,P0,36,1500,6000,ТО-1,09Г2С,ГОСТ 19281-2014 ИЗМ 1
401206937,"28,600",Т,"1118,9",P0,20,2000,6000,ТО-1,Ст3сп,ГОСТ 14637-2024
401206825,"23,800",Т,"1118,9",P0,25,2000,6000,ТО-1,Ст3сп,ГОСТ 14637-2024
401206853,"28,600",Т,"1118,9",P0,30,2000,6000,ТО-1,Ст3сп,ГОСТ 14637-2024
401206805,"15,200",Т,"1118,9",P0,40,2000,6000,ТО-1,Ст3сп,ГОСТ 14637-2024
401206854,"10,800",Т,"1118,9",P0,50,1500,6000,ТО-1,Ст3сп,ГОСТ 14637-2024
401206827,"60,500",Т,1660,P4,9,2213,12020,БЕЗ ТО,К56,СТО 00186217-660-2022 Изм.5
401206972,"23,080",Т,"1178,9",P0,80,1500,6000,ТО-1,40Х,ГОСТ 1577-2022
401207274,"10,707",Т,1164,P0,50,1500,6000,БЕЗ ТО,09Г2С,ГОСТ 19281-2014 ИЗМ 1
401207275,"8,566",Т,1164,P0,60,1500,6000,БЕЗ ТО,09Г2С,ГОСТ 19281-2014 ИЗМ 1
401207607,"23,000",Т,"1118,9",P0,20,1500,6000,ТО-1,Ст3сп,ГОСТ 14637-2024
401207608,"43,000",Т,"1118,9",P0,50,1500,6000,ТО-1,Ст3сп,ГОСТ 14637-2024
401207681,"5,140",Т,1194,P0,36,1500,6000,БЕЗ ТО,09Г2С,ГОСТ 19281-2014 ИЗМ 1
401207627,"14,280",Т,1160,P0,40,1500,6000,БЕЗ ТО,20,ГОСТ 1577-2022
401207713,"3,926",Т,"1178,9",P0,55,1500,6000,БЕЗ ТО,20,ГОСТ 1577-2022
401207724,"8,566",Т,1160,P0,60,1500,6000,БЕЗ ТО,20,ГОСТ 1577-2022
401207714,"21,640",Т,"1178,9",P0,75,1500,6000,БЕЗ ТО,20,ГОСТ 1577-2022
401206989,"10,820",Т,1188,P0,75,1500,6000,БЕЗ ТО,09Г2С,ГОСТ 19281-2014 ИЗМ 1
401207772,"40,000",Т,1165,P0,8,2000,6000,ТО-1,09Г2С,ГОСТ 19281-2014 ИЗМ 1
401207814,"3,100",Т,"1144,1",P0,14,1550,6000,БЕЗ ТО,С355,ГОСТ 27772-2021
401207824,"164,100",Т,"1144,1",P0,16,1950,6000,БЕЗ ТО,С355,ГОСТ 27772-2021
401207816,"155,400",Т,"1144,1",P0,22,1650,6000,ТО-1,С355,ГОСТ 27772-2021
401207822,"13,400",Т,"1144,1",P0,18,1950,6000,ТО-1,С355,ГОСТ 27772-2021
401207823,"11,800",Т,"1144,1",P0,25,1650,6000,ТО-2,С355,ГОСТ 27772-2021
401207795,"101,400",Т,"1144,1",P0,14,1500,6000,БЕЗ ТО,С355,ГОСТ 27772-2021
401207797,"98,900",Т,"1144,1",P0,30,1650,6000,ТО-2,С355,ГОСТ 27772-2021
401207798,"228,500",Т,"1144,1",P0,14,1550,6000,БЕЗ ТО,С355,ГОСТ 27772-2021
401207796,"287,100",Т,"1144,1",P0,22,1550,6000,ТО-1,С355,ГОСТ 27772-2021
401207807,"91,600",Т,"1144,1",P0,16,1750,6000,БЕЗ ТО,С355,ГОСТ 27772-2021
401207815,"82,700",Т,"1144,1",P0,20,1550,6000,ТО-1,С355,ГОСТ 27772-2021
401207813,"294,600",Т,"1144,1",P0,16,1750,6000,БЕЗ ТО,С355,ГОСТ 27772-2021
401207806,"326,400",Т,"1144,1",P0,25,1550,6000,ТО-2,С355,ГОСТ 27772-2021
401208167,"1,042",Т,1164,P0,11,2000,6000,БЕЗ ТО,С355,ГОСТ 27772-2021
401208199,"1,232",Т,1164,P0,13,2000,6000,БЕЗ ТО,С355,ГОСТ 27772-2021
401208187,"70,331",Т,1164,P0,14,2000,6000,БЕЗ ТО,С355,ГОСТ 27772-2021
401208207,"198,596",Т,1164,P0,16,2000,6000,БЕЗ ТО,С355,ГОСТ 27772-2021
401208186,"66,690",Т,1164,P0,18,2000,6000,БЕЗ ТО,С355,ГОСТ 27772-2021
401208188,"159,600",Т,1164,P0,20,2000,6000,БЕЗ ТО,С355,ГОСТ 27772-2021
401208206,"108,680",Т,1164,P0,22,2000,6000,БЕЗ ТО,С355,ГОСТ 27772-2021
401208195,"72,960",Т,1164,P0,24,2000,6000,БЕЗ ТО,С355,ГОСТ 27772-2021
401208208,"38,000",Т,1164,P0,25,2000,6000,БЕЗ ТО,С355,ГОСТ 27772-2021
401208166,"2,470",Т,1164,P0,26,2000,6000,БЕЗ ТО,С355,ГОСТ 27772-2021
401208189,"51,680",Т,1164,P0,32,2000,6000,БЕЗ ТО,С355,ГОСТ 27772-2021
401208197,"318,060",Т,1164,P0,36,2000,6000,БЕЗ ТО,С355,ГОСТ 27772-2021
401208196,"53,186",Т,1164,P0,40,2000,6000,БЕЗ ТО,С355,ГОСТ 27772-2021
401208198,"87,758",Т,1164,P0,42,2000,6000,БЕЗ ТО,С355,ГОСТ 27772-2021
401208209,"132,211",Т,1164,P0,48,2000,6000,БЕЗ ТО,С355,ГОСТ 27772-2021
401208168,"23,745",Т,1164,P0,50,2000,6000,БЕЗ ТО,С355,ГОСТ 27772-2021
401208259,"3,202",Т,1178,P0,16,1500,8450,ТО-2,12ХМ,"ГОСТ 5520-2017 Попр.1,2,3"
401207787,"11,202",Т,1178,P0,32,1500,4900,ТО-2,12ХМ,"ГОСТ 5520-2017 Попр.1,2,3"
401208302,"28,584",Т,1178,P0,32,2000,4700,ТО-2,12ХМ,"ГОСТ 5520-2017 Попр.1,2,3"
401208300,"92,820",Т,1178,P0,32,2000,6100,ТО-2,12ХМ,"ГОСТ 5520-2017 Попр.1,2,3"
401208331,"6,963",Т,1178,P0,32,1500,6100,ТО-2,12ХМ,"ГОСТ 5520-2017 Попр.1,2,3"
401208343,"3,821",Т,"1207,3",P0,38,1500,8450,ТО-2,12ХМ,"ГОСТ 5520-2017 Попр.1,2,3"
401207849,"4,283",Т,"1207,3",P0,60,1500,6000,БЕЗ ТО,12ХМ,"ГОСТ 5520-2017 Попр.1,2,3"
401208366,"9,099",Т,1188,P0,95,2000,6000,БЕЗ ТО,09Г2С,ГОСТ 19281-2014 ИЗМ 1
401208479,"12,071",Т,1188,P0,125,2000,6000,БЕЗ ТО,09Г2С,ГОСТ 19281-2014 ИЗМ 1
401208451,"68,600",Т,"1118,9",P0,20,1500,6000,БЕЗ ТО,Ст3сп,ГОСТ 14637-2024
401208443,"66,000",Т,"1118,9",P0,22,1500,6000,БЕЗ ТО,Ст3сп,ГОСТ 14637-2024
401208444,"64,400",Т,"1118,9",P0,30,1500,6000,ТО-1,Ст3сп,ГОСТ 14637-2024
401208437,"67,000",Т,"1118,9",P0,36,1500,6000,ТО-1,Ст3сп,ГОСТ 14637-2024
401208452,"68,000",Т,"1118,9",P0,50,1500,6000,ТО-1,Ст3сп,ГОСТ 14637-2024
401208539,"29,600",Т,1165,P0,8,2000,6000,ТО-1,09Г2С,ГОСТ 19281-2014 ИЗМ 1
401208540,"25,600",Т,1165,P0,10,2000,6000,ТО-1,09Г2С,ГОСТ 19281-2014 ИЗМ 1
401208537,"61,400",Т,1165,P0,12,2000,6000,ТО-1,09Г2С,ГОСТ 19281-2014 ИЗМ 1
401208538,"32,000",Т,1165,P0,14,2000,6000,ТО-1,09Г2С,ГОСТ 19281-2014 ИЗМ 1
401208545,"73,000",Т,1165,P0,16,2000,6000,ТО-1,09Г2С,ГОСТ 19281-2014 ИЗМ 1
401208561,"51,400",Т,1165,P0,20,2000,6000,ТО-1,09Г2С,ГОСТ 19281-2014 ИЗМ 1
401208562,"43,000",Т,1165,P0,25,2000,6000,БЕЗ ТО,09Г2С,ГОСТ 19281-2014 ИЗМ 1
401208544,"45,700",Т,1165,P0,30,2000,6000,ТО-2,09Г2С,ГОСТ 19281-2014 ИЗМ 1
401208510,"19,000",Т,1165,P0,40,2000,6000,ТО-2,09Г2С,ГОСТ 19281-2014 ИЗМ 1
401208643,"18,868",Т,1164,P0,90,2120,6200,ТО-1,10ХСНД,ГОСТ 19281-2014 ИЗМ 1
401209029,"19,283",Т,1188,P0,150,2000,8000,БЕЗ ТО,09Г2С,ГОСТ 19281-2014 ИЗМ 1
401209213,"31,416",Т,1230,P0,20,1500,6000,БЕЗ ТО,09Г2С,ГОСТ 19281-2014 ИЗМ 1
401209214,"33,915",Т,1194,P0,25,1500,6000,БЕЗ ТО,09Г2С,ГОСТ 19281-2014 ИЗМ 1
401209207,"33,250",Т,1194,P0,25,2000,6000,БЕЗ ТО,09Г2С,ГОСТ 19281-2014 ИЗМ 1
401209212,"32,130",Т,1194,P0,30,1500,6000,БЕЗ ТО,09Г2С,ГОСТ 19281-2014 ИЗМ 1
401209170,"34,200",Т,1194,P0,30,2000,6000,БЕЗ ТО,09Г2С,ГОСТ 19281-2014 ИЗМ 1
401209211,"31,976",Т,1194,P0,32,1500,6000,БЕЗ ТО,09Г2С,ГОСТ 19281-2014 ИЗМ 1
401209179,"33,410",Т,1194,P0,36,1500,6000,БЕЗ ТО,09Г2С,ГОСТ 19281-2014 ИЗМ 1
401209180,"31,416",Т,1160,P0,20,1500,6000,БЕЗ ТО,Ст3сп,ГОСТ 14637-2024
401209150,"31,420",Т,1160,P0,22,1500,6000,БЕЗ ТО,Ст3сп,ГОСТ 14637-2024
401209208,"34,272",Т,1160,P0,30,1500,6000,БЕЗ ТО,Ст3сп,ГОСТ 14637-2024
401209222,"25,704",Т,1160,P0,20,1500,6000,БЕЗ ТО,Ст3сп,ГОСТ 14637-2024
401209223,"39,984",Т,1230,P0,20,1500,6000,БЕЗ ТО,09Г2С,ГОСТ 19281-2014 ИЗМ 1
401209242,"24,990",Т,1160,P0,25,1500,6000,БЕЗ ТО,Ст3сп,ГОСТ 14637-2024
401209243,"32,844",Т,1160,P0,30,1500,6000,БЕЗ ТО,Ст3сп,ГОСТ 14637-2024
401209241,"19,992",Т,1230,P0,20,1500,6000,БЕЗ ТО,09Г2С,ГОСТ 19281-2014 ИЗМ 1
401209313,"198,900",Т,1152,P0,12,2500,12000,ТО-2,10ХСНД,ГОСТ Р 55374-2012
401209312,"200,800",Т,1152,P0,16,2500,12000,ТО-2,10ХСНД,ГОСТ Р 55374-2012
401209323,"100,000",Т,1152,P0,20,2500,12000,ТО-2,10ХСНД,ГОСТ Р 55374-2012
401209331,"201,700",Т,1152,P0,25,2500,12000,ТО-2,10ХСНД,ГОСТ Р 55374-2012
401209288,"56,700",Т,1152,P0,20,2120,12000,ТО-2,10ХСНД,ГОСТ Р 55374-2012
401209310,"91,900",Т,1152,P0,20,2420,12000,ТО-2,10ХСНД,ГОСТ Р 55374-2012
401209309,"25,300",Т,1152,P0,25,2120,12000,ТО-2,10ХСНД,ГОСТ Р 55374-2012
401209324,"63,300",Т,1152,P0,25,2420,12000,ТО-2,10ХСНД,ГОСТ Р 55374-2012
401209314,"90,300",Т,1152,P0,32,2120,12000,ТО-2,10ХСНД,ГОСТ Р 55374-2012
401209308,"90,200",Т,1152,P0,32,2420,10500,ТО-2,10ХСНД,ГОСТ Р 55374-2012
401209321,"112,000",Т,1152,P0,40,2120,9800,ТО-2,10ХСНД,ГОСТ Р 55374-2012
401209307,"6,800",Т,1152,P0,40,2320,9000,ТО-2,10ХСНД,ГОСТ Р 55374-2012
401209322,"46,000",Т,1152,P0,40,2420,8500,ТО-2,10ХСНД,ГОСТ Р 55374-2012
401209289,"64,260",Т,1230,P0,20,1500,6000,БЕЗ ТО,09Г2С,ГОСТ 19281-2014 ИЗМ 1
401209317,"64,260",Т,1194,P0,30,1500,6000,БЕЗ ТО,09Г2С,ГОСТ 19281-2014 ИЗМ 1
401209401,"51,200",Т,"1118,9",P0,10,2000,9000,БЕЗ ТО,Ст3сп,ГОСТ 14637-2024
401209382,"10,700",Т,"1118,9",P0,12,2000,8000,БЕЗ ТО,Ст3сп,ГОСТ 14637-2024
401209381,"70,000",Т,"1118,9",P0,20,2400,8000,БЕЗ ТО,Ст3сп,ГОСТ 14637-2024
401209359,"12,800",Т,"1118,9",P0,28,2400,8000,ТО-1,Ст3сп,ГОСТ 14637-2024
401209357,"177,800",Т,"1118,9",P0,30,2400,8000,ТО-1,Ст3сп,ГОСТ 14637-2024
401209360,"18,300",Т,"1118,9",P0,36,2000,8000,ТО-1,Ст3сп,ГОСТ 14637-2024
401209350,"38,100",Т,"1118,9",P0,50,2000,8000,ТО-1,Ст3сп,ГОСТ 14637-2024
401209358,"3,600",Т,"1162,7",P0,12,1800,7000,ТО-1,20К,"ГОСТ 5520-2017 Попр.1,2,3"
401209391,"9,200",Т,"1162,7",P0,30,2400,8000,ТО-1,20К,"ГОСТ 5520-2017 Попр.1,2,3"
401209349,"9,200",Т,"1162,7",P0,30,2400,8000,ТО-1,20К,"ГОСТ 5520-2017 Попр.1,2,3"
401209604,"7,749",Т,"1178,9",P0,120,2000,4000,БЕЗ ТО,20,ГОСТ 1577-2022
401209611,"9,043",Т,"1178,9",P0,120,1600,6000,БЕЗ ТО,20,ГОСТ 1577-2022
401209678,"27,874",Т,"1178,9",P0,55,2000,8000,БЕЗ ТО,Ст3сп,ГОСТ 14637-2024
401209711,"76,540",Т,"1178,9",P0,100,2000,8000,БЕЗ ТО,Ст3сп,ГОСТ 14637-2024
401209694,"28,282",Т,"1178,9",P0,110,2000,8000,БЕЗ ТО,Ст3сп,ГОСТ 14637-2024
401209931,"1 053,000",Т,"1164,2",P0,20,2430,10150,БЕЗ ТО,09Г2С,"ГОСТ 5520-2017 Попр.1,2,3"
401209894,"287,802",Т,1178,P0,20,2040,7550,БЕЗ ТО,09Г2С,"ГОСТ 5520-2017 Попр.1,2,3"
401209902,"15,427",Т,"1178,9",P0,120,2000,8000,БЕЗ ТО,Ст3сп,ГОСТ 14637-2024
401209879,"25,881",Т,1160,P0,30,3000,9100,БЕЗ ТО,Ст3сп,ГОСТ 14637-2024
401209903,"40,430",Т,"1178,9",P0,40,3200,10000,БЕЗ ТО,Ст3сп,ГОСТ 14637-2024
401209964,"32,130",Т,1194,P0,30,1500,6000,БЕЗ ТО,09Г2С,ГОСТ 19281-2014 ИЗМ 1
401209974,"33,243",Т,1164,P0,50,2000,6000,БЕЗ ТО,09Г2С,ГОСТ 19281-2014 ИЗМ 1
401209959,"32,130",Т,1160,P0,30,1500,6000,БЕЗ ТО,Ст3сп,ГОСТ 14637-2024
401209958,"98,532",Т,1160,P0,20,1500,6000,БЕЗ ТО,Ст3сп,ГОСТ 14637-2024
401209963,"34,272",Т,1160,P0,40,1500,6000,БЕЗ ТО,Ст3сп,ГОСТ 14637-2024
401209975,"32,000",Т,1160,P0,20,2000,6000,БЕЗ ТО,Ст3сп,ГОСТ 14637-2024
401209961,"40,000",Т,"1118,9",P0,16,2500,6000,БЕЗ ТО,Ст3сп,ГОСТ 14637-2024
401210175,"648,960",Т,1161,P0,18,2500,9500,БЕЗ ТО,09Г2С,ГОСТ 19281-2014 ИЗМ 1
401210263,"20,000",Т,"1118,9",P0,32,1800,4300,ТО-1,Ст3сп,ГОСТ 14637-2024
401210275,"5,100",Т,"1118,9",P0,40,2000,4000,ТО-1,Ст3сп,ГОСТ 14637-2024
401210262,"4,000",Т,"1118,9",P0,40,2000,6000,ТО-1,Ст3сп,ГОСТ 14637-2024
401210294,"30,000",Т,"1144,1",P0,20,1500,6000,ТО-1,С345,ГОСТ 27772-2021
401209826,"15,000",Т,"1144,1",P0,10,1500,6000,ТО-1,С345,ГОСТ 27772-2021
401210360,"46,278",Т,"1178,9",P0,80,2010,6010,БЕЗ ТО,Ст3сп,ГОСТ 14637-2024
401210350,"10,692",Т,"1178,9",P0,110,2010,6010,БЕЗ ТО,Ст3сп,ГОСТ 14637-2024
401210402,"1,785",Т,"1178,9",P0,25,1500,6000,ТО-1,45,ГОСТ 1577-2022
401210375,"15,451",Т,"1178,9",P0,160,2000,6000,ТО-1,45,ГОСТ 1577-2022
401210374,"56,112",Т,1160,P0,30,2700,7300,БЕЗ ТО,Ст3сп,ГОСТ 14637-2024
401211441,"5,049",Т,"1178,9",P0,70,1500,6000,ТО-1,40Х,ГОСТ 1577-2022
401210415,"422,688",Т,1160,P0,20,1500,6000,БЕЗ ТО,Ст3сп,ГОСТ 14637-2024
401210445,"24,990",Т,1160,P0,25,1500,6000,БЕЗ ТО,Ст3сп,ГОСТ 14637-2024
401210442,"190,638",Т,1160,P0,30,1500,6000,БЕЗ ТО,Ст3сп,ГОСТ 14637-2024
401210444,"54,264",Т,1160,P0,40,1500,6000,БЕЗ ТО,Ст3сп,ГОСТ 14637-2024
401210443,"24,983",Т,1160,P0,50,1500,6000,БЕЗ ТО,Ст3сп,ГОСТ 14637-2024
401210416,"413,050",Т,1161,P0,20,2500,9500,БЕЗ ТО,09Г2С,ГОСТ 19281-2014 ИЗМ 1
401210417,"209,560",Т,1161,P0,30,2500,9500,БЕЗ ТО,09Г2С,ГОСТ 19281-2014 ИЗМ 1
401210453,"19,200",Т,"1129,3",P0,10,1500,6000,ТО-1,20,ГОСТ 1577-2022
401210522,"64,000",Т,1165,P0,16,1500,6000,БЕЗ ТО,09Г2С,ГОСТ 19281-2014 ИЗМ 1
401210606,"23,000",Т,1165,P0,20,1500,6000,БЕЗ ТО,09Г2С,ГОСТ 19281-2014 ИЗМ 1
401210662,"23,000",Т,1165,P0,20,2000,6000,БЕЗ ТО,09Г2С,ГОСТ 19281-2014 ИЗМ 1
401209706,"19,500",Т,1165,P0,30,1500,6000,ТО-2,09Г2С,ГОСТ 19281-2014 ИЗМ 1
401210733,"23,000",Т,1165,P0,30,2000,6000,ТО-2,09Г2С,ГОСТ 19281-2014 ИЗМ 1
401210708,"20,500",Т,1165,P0,8,2000,6000,БЕЗ ТО,09Г2С,ГОСТ 19281-2014 ИЗМ 1
401210736,"20,000",Т,"1118,9",P0,14,1500,6000,БЕЗ ТО,Ст3сп,ГОСТ 14637-2024
401210700,"63,000",Т,"1118,9",P0,20,1500,6000,БЕЗ ТО,Ст3сп,ГОСТ 14637-2024
401210653,"63,000",Т,"1164,3",P4,16,3742,12000,БЕЗ ТО,К56,СТО 00186217-360-2023 Изм.1
401210857,"120,800",Т,"1158,4",P0,10,2500,12000,БЕЗ ТО,S355J2,СТО 00186217-436-2018
401210860,"245,000",Т,"1158,4",P0,12,2500,12000,БЕЗ ТО,S355J2,СТО 00186217-436-2018
401210889,"179,700",Т,"1158,4",P0,12,2000,12000,БЕЗ ТО,S355J2,СТО 00186217-436-2018
401210890,"120,000",Т,"1158,4",P0,20,2000,12000,БЕЗ ТО,S355J2,СТО 00186217-436-2018
401210894,"130,000",Т,"1158,4",P0,25,2500,12000,БЕЗ ТО,S355J2,СТО 00186217-436-2018
401210902,"130,000",Т,"1158,4",P0,30,2000,12000,БЕЗ ТО,S355J2,СТО 00186217-436-2018
401210888,"65,700",Т,"1158,4",P0,30,2000,6000,БЕЗ ТО,S355J2,СТО 00186217-436-2018
401210911,"64,200",Т,"1158,4",P0,30,2500,6000,БЕЗ ТО,S355J2,СТО 00186217-436-2018
401210859,"64,700",Т,"1158,4",P0,40,2000,6000,БЕЗ ТО,S355J2,СТО 00186217-436-2018
401210858,"130,000",Т,"1158,4",P0,40,2500,6000,БЕЗ ТО,S355J2,СТО 00186217-436-2018
401210921,"66,700",Т,"1158,4",P0,50,2000,6000,БЕЗ ТО,S355J2,СТО 00186217-436-2018
401210903,"65,400",Т,"1158,4",P0,50,2500,6000,БЕЗ ТО,S355J2,СТО 00186217-436-2018
401211543,"61,600",Т,"1158,4",P0,18,2000,12000,БЕЗ ТО,S355J2,СТО 00186217-436-2018
401211535,"66,600",Т,"1158,4",P0,25,2000,12000,БЕЗ ТО,S355J2,СТО 00186217-436-2018
401211049,"20,694",Т,1230,P0,20,1800,12100,БЕЗ ТО,09Г2С,ГОСТ 19281-2014 ИЗМ 1
401211174,"34,256",Т,1194,P0,30,1500,6000,БЕЗ ТО,09Г2С,ГОСТ 19281-2014 ИЗМ 1
401211191,"32,115",Т,1160,P0,30,1500,6000,БЕЗ ТО,Ст3сп,ГОСТ 14637-2024
401211189,"65,642",Т,1160,P0,20,1500,6000,БЕЗ ТО,Ст3сп,ГОСТ 14637-2024
401211291,"18,447",Т,"1178,9",P0,80,1600,6000,БЕЗ ТО,Ст3сп,ГОСТ 14637-2024
401211479,"451,500",Т,"1156,4",P0,8,2000,6000,БЕЗ ТО,S235JR,EN 10025-2:2019
401211480,"450,400",Т,"1156,4",P0,10,2000,6000,БЕЗ ТО,S235JR,EN 10025-2:2019
401211420,"200,600",Т,"1156,4",P0,12,2000,12000,БЕЗ ТО,S235JR,EN 10025-2:2019
401211491,"202,200",Т,"1156,4",P0,14,2000,12000,БЕЗ ТО,S235JR,EN 10025-2:2019
401211486,"200,700",Т,"1156,4",P0,16,2000,12000,БЕЗ ТО,S235JR,EN 10025-2:2019
401211487,"201,400",Т,"1156,4",P0,20,2000,12000,БЕЗ ТО,S235JR,EN 10025-2:2019
401211428,"152,000",Т,"1156,4",P0,25,2000,12000,БЕЗ ТО,S235JR,EN 10025-2:2019
401211427,"154,000",Т,"1156,4",P0,30,2000,12000,БЕЗ ТО,S235JR,EN 10025-2:2019
401211522,"5,900",Т,1164,P0,50,1440,5162,БЕЗ ТО,09Г2С,ГОСТ 19281-2014 ИЗМ 1
401211521,"10,770",Т,1164,P0,60,2000,3775,БЕЗ ТО,09Г2С,ГОСТ 19281-2014 ИЗМ 1
401212016,"65,412",Т,1164,P0,10,2000,6000,БЕЗ ТО,С355,ГОСТ 27772-2021
401211996,"69,004",Т,1164,P0,14,2000,6000,БЕЗ ТО,С355,ГОСТ 27772-2021
401212021,"93,992",Т,1164,P0,16,2000,6000,БЕЗ ТО,С355,ГОСТ 27772-2021
401211989,"117,800",Т,1164,P0,20,2000,6000,БЕЗ ТО,С355,ГОСТ 27772-2021
401211990,"136,800",Т,1164,P0,30,2000,6000,БЕЗ ТО,С355,ГОСТ 27772-2021
401211998,"21,375",Т,1164,P0,25,2000,6000,БЕЗ ТО,С355,ГОСТ 27772-2021
401212017,"98,774",Т,1164,P0,40,2000,6000,БЕЗ ТО,С355,ГОСТ 27772-2021
401212022,"23,745",Т,1164,P0,50,2000,6000,БЕЗ ТО,С355,ГОСТ 27772-2021
401212034,"87,400",Т,1164,P0,20,2000,6000,БЕЗ ТО,С390,ГОСТ 27772-2021
401212023,"21,375",Т,1164,P0,25,2000,6000,БЕЗ ТО,С390,ГОСТ 27772-2021
401211997,"159,600",Т,1164,P0,30,2000,6000,БЕЗ ТО,С390,ГОСТ 27772-2021
401212024,"262,131",Т,1164,P0,40,2000,6000,БЕЗ ТО,С390,ГОСТ 27772-2021
401212031,"21,370",Т,1164,P0,45,2000,6000,БЕЗ ТО,С390,ГОСТ 27772-2021
401212032,"47,490",Т,1164,P0,50,2000,6000,БЕЗ ТО,С390,ГОСТ 27772-2021
401212033,"20,900",Т,1164,P0,10,2000,6000,БЕЗ ТО,С390,ГОСТ 27772-2021
401211999,"53,200",Т,1164,P0,16,1500,6000,БЕЗ ТО,С390,ГОСТ 27772-2021
400826872,"50,000",Т,1322,P4,32,1500,11050,БЕЗ ТО,09ГСФ,"СТО 00186217-712-2023 Изм.1,2"
400875232,"61,000",Т,"1186,7",P0,25,1500,6000,ТО-2,С390П,ТУ 24.10.35-668-00186217-2022 Изм.1
400876751,"60,500",Т,"1186,7",P0,16,1500,6000,БЕЗ ТО,С390П,ТУ 24.10.35-668-00186217-2022 Изм.1
400876728,"60,000",Т,"1186,7",P0,20,1500,6000,БЕЗ ТО,С390П,ТУ 24.10.35-668-00186217-2022 Изм.1
400876729,"60,000",Т,"1186,7",P0,30,1500,6000,ТО-2,С390П,ТУ 24.10.35-668-00186217-2022 Изм.1
400876702,"60,000",Т,"1186,7",P0,40,1500,6000,ТО-2,С390П,ТУ 24.10.35-668-00186217-2022 Изм.1
401119356,"4,500",Т,1178,P0,30,1500,6000,БЕЗ ТО,09Г2С,"ГОСТ 5520-2017 Попр.1,2,3"
400945524,"50,500",Т,"1230,8",P0,36,2000,8000,ТО-2,Gr22,ASME SA-387/SA-387M-2017
400945490,"10,200",Т,"1205,8",P0,8,2000,8000,ТО-2,Gr22,ASME SA-387/SA-387M-2017
400945541,"20,200",Т,"1201,8",P0,10,1550,6300,ТО-2,Gr22,ASME SA-387/SA-387M-2017
400945533,"10,000",Т,"1196,8",P0,12,2000,12200,ТО-2,Gr22,ASME SA-387/SA-387M-2017
400945495,"10,000",Т,"1202,8",P0,20,1500,6000,ТО-2,Gr22,ASME SA-387/SA-387M-2017
400989286,"70,000",Т,"1281,2",P0,100,1950,4600,БЕЗ ТО,S355ML,EN 10025-4:2019
400989655,"2,096",Т,1161,P0,12,2700,8200,БЕЗ ТО,09Г2С,ГОСТ 19281-2014 ИЗМ 1
401029972,"19,000",Т,"1196,8",P0,12,2000,10000,ТО-2,Gr22,ASME SA-387/SA-387M-2017
401030066,"18,400",Т,"1202,8",P0,22,2200,6000,ТО-2,Gr22,ASME SA-387/SA-387M-2017
401030056,"35,000",Т,"1230,8",P0,35,2200,9550,ТО-2,Gr22,ASME SA-387/SA-387M-2017
401030124,"6,200",Т,"1230,8",P0,34,1740,6530,ТО-2,Gr22,ASME SA-387/SA-387M-2017
401030125,"67,300",Т,"1230,8",P0,46,2200,6000,ТО-2,Gr22,ASME SA-387/SA-387M-2017
401031636,"200,000",Т,"1162,7",P0,45,2000,6000,ТО-1,09Г2С,"ГОСТ 5520-2017 Попр.1,2,3"
401044679,"152,604",Т,"1178,9",P0,80,1500,6000,ТО-1,45,ГОСТ 1577-2022
401048982,"6,000",Т,1130,P0,14,1500,6000,БЕЗ ТО,S460ML,"СТО 00186217-223-2013 Изм.3,4"
401049006,"6,900",Т,"1056,212",P0,16,1500,6000,БЕЗ ТО,S460ML,"СТО 00186217-223-2013 Изм.3,4"
401048819,"24,500",Т,1164,P0,105,1800,4000,БЕЗ ТО,С440,ГОСТ 27772-2021
401048835,"8,831",Т,1270,P0,90,2500,5000,ТО-2,16ГНМА,ОСТ 108.030.118-78
401048842,"44,298",Т,1270,P0,95,3000,6600,ТО-2,16ГНМА,ОСТ 108.030.118-78
401065605,"302,500",Т,1202,P4,42,2060,9200,БЕЗ ТО,10Г2ФБЮ,"СТО 00186217-340-2015 изм 1,2"
401066766,"6,000",Т,1130,P0,14,1500,6000,БЕЗ ТО,S460ML,"СТО 00186217-223-2013 Изм.3,4"
401066837,"7,000",Т,"1056,212",P0,16,1500,6000,БЕЗ ТО,S460ML,"СТО 00186217-223-2013 Изм.3,4"
401070782,"7,600",Т,1178,P0,20,2000,6000,БЕЗ ТО,09Г2С,"ГОСТ 5520-2017 Попр.1,2,3"
401075127,"330,000",Т,1149,P0,60,1500,6000,ТО-1,10ХСНД,ГОСТ 19281-2014 ИЗМ 1
401100330,"60,000",Т,"1178,9",P0,120,1500,5000,ТО-1,40Х,ГОСТ 1577-2022
401105147,"10,000",Т,1181,P4,"16,5",3119,12020,БЕЗ ТО,К60,СТО 00186217-298-2020 изм 1
401105183,"200,000",Т,1181,P4,16,3121,12020,БЕЗ ТО,К60,СТО 00186217-298-2020 изм 1
401104503,"95,780",Т,1188,P0,100,2000,6000,БЕЗ ТО,С440,ГОСТ 27772-2021
401104568,"91,944",Т,1164,P0,80,2000,6000,БЕЗ ТО,С440,ГОСТ 27772-2021
401114974,"22,608",Т,"1191,968",P0,20,2000,6000,БЕЗ ТО,С390П,"ТУ 24.10.35-668-00186217-2022 Изм.1,2"
401115114,"23,550",Т,"1191,968",P0,25,2000,6000,БЕЗ ТО,С390П,"ТУ 24.10.35-668-00186217-2022 Изм.1,2"
401115262,"22,608",Т,"1191,968",P0,30,2000,6000,БЕЗ ТО,С390П,"ТУ 24.10.35-668-00186217-2022 Изм.1,2"
401114727,"23,079",Т,"1191,968",P0,35,2000,6000,БЕЗ ТО,С390П,"ТУ 24.10.35-668-00186217-2022 Изм.1,2"
401114729,"33,912",Т,"1191,968",P0,40,2000,6000,БЕЗ ТО,С390П,"ТУ 24.10.35-668-00186217-2022 Изм.1,2"
401119340,"25,000",Т,1165,P0,10,2500,9000,ТО-1,09Г2С,ГОСТ 19281-2014 ИЗМ 1
401119329,"59,400",Т,1165,P0,50,2500,6000,ТО-1,09Г2С,ГОСТ 19281-2014 ИЗМ 1
401119346,"25,000",Т,"1118,9",P0,10,2500,9000,ТО-1,Ст3сп,ГОСТ 14637-2024
401119325,"20,000",Т,1165,P0,10,2100,8000,ТО-2,10ХСНД,ГОСТ 19281-2014 ИЗМ 1
401119354,"118,600",Т,1165,P0,20,2500,12000,ТО-2,10ХСНД,ГОСТ 19281-2014 ИЗМ 1
401120864,"13,640",Т,1500,PZ,45,3200,12000,ТО-1,РС E500W+304L,"ТУ 24.10.74-241-07516250-2021 Изм.1,2"
401124916,"461,000",Т,"1144,1",P0,50,2000,6000,ТО-2,С390,ГОСТ 27772-2021
401128829,"15,539",Т,1373,P0,50,3200,12000,ТО-1,РС E500W,ГОСТ Р 52927-2015 изм 1
401131468,"60,000",Т,1202,P4,40,2500,8600,БЕЗ ТО,10Г2ФБЮ,"СТО 00186217-340-2015 изм 1,2"
401141825,"50,000",Т,"1178,9",P0,70,1500,6000,ТО-1,35,ГОСТ 1577-2022
401141846,"28,600",Т,"1192,7",P0,30,2000,6000,ТО-2,С590,ГОСТ 27772-2021
401141747,"33,400",Т,"1192,7",P0,35,2000,6000,ТО-2,С590,ГОСТ 27772-2021
401141868,"38,100",Т,"1228,481",P0,40,2000,6000,ТО-2,С590,ГОСТ 27772-2021
401141750,"42,900",Т,"1192,7",P0,45,2000,6000,ТО-2,С590,ГОСТ 27772-2021
401141891,"47,600",Т,"1192,7",P0,50,2000,6000,ТО-2,С590,ГОСТ 27772-2021
401149959,"98,000",Т,"1191,968",P4,16,2676,12000,БЕЗ ТО,К60,СТО 00186217-738-2024
401152237,"606,000",Т,"1178,9",P0,110,2000,6000,ТО-1,45,ГОСТ 1577-2022
401152301,"1 501,000",Т,"1178,9",P0,130,2500,6000,БЕЗ ТО,Ст3сп,ГОСТ 14637-2024
401152365,"605,000",Т,1178,P0,45,2550,7400,ТО-1,20К,"ГОСТ 5520-2017 Попр.1,2,3"
401152270,"1 507,000",Т,"1207,3",P0,100,2100,7700,ТО-1,09Г2С,"ГОСТ 5520-2017 Попр.1,2,3"
401161039,"7,200",Т,"1191,968",P0,75,1500,6000,ТО-1,Gr22,ASME SA-387/SA-387M-2017
401161167,"13,100",Т,"1191,968",P0,110,1500,7800,ТО-1,Gr22,ASME SA-387/SA-387M-2017
401161769,"121,200",Т,1660,P4,9,2218,12020,БЕЗ ТО,К56,СТО 00186217-660-2022 Изм.5
401175176,"2,556",Т,1165,P0,12,1500,6000,ТО-1,09Г2С,ГОСТ 19281-2014 ИЗМ 1
401177143,"182,208",Т,1250,P4,24,2300,10700,БЕЗ ТО,13ХФА,"СТО 00186217-712-2023 Изм.1,2"
401179135,"2,274",Т,1165,P0,8,2000,9000,ТО-1,09Г2С,ГОСТ 19281-2014 ИЗМ 1
401186324,"11,424",Т,"1118,9",P0,20,1500,6000,БЕЗ ТО,Ст3сп,ГОСТ 14637-2024
401196619,"3,569",Т,"1118,9",P0,50,1500,6000,ТО-1,Ст3сп,ГОСТ 14637-2024
401200331,"2,982",Т,"1129,3",P0,14,1500,6000,ТО-1,65Г,ГОСТ 1577-2022
401200308,"9,498",Т,"1118,9",P0,50,2000,6000,ТО-1,Ст3сп,ГОСТ 14637-2024
401203092,"2,378",Т,1165,P0,10,2150,7000,ТО-1,09Г2С,ГОСТ 19281-2014 ИЗМ 1
401203086,"6,816",Т,"1118,9",P0,12,1500,6000,БЕЗ ТО,Ст3сп,ГОСТ 14637-2024
401203535,"2,682",Т,"1129,3",P0,8,2300,6150,ТО-1,20,ГОСТ 1577-2022
401185123,"19,941",Т,1194,P0,40,2100,6000,БЕЗ ТО,09Г2С,ГОСТ 19281-2014 ИЗМ 1
401180839,"9,608",Т,1160,P0,60,1500,6000,БЕЗ ТО,Ст3сп,ГОСТ 14637-2024
401181263,"600,000",Т,1174,P0,60,2600,10300,ТО-1,20Юч,ТУ 14-1-4853-2017 изм 1
401182710,"37,600",Т,1165,P0,25,1500,6000,БЕЗ ТО,09Г2С,ГОСТ 19281-2014 ИЗМ 1
401182721,"27,400",Т,1165,P0,16,1500,6000,БЕЗ ТО,09Г2С,ГОСТ 19281-2014 ИЗМ 1
401187565,"106,800",Т,"1433,1",P0,10,2000,8050,ТО-1,С345,"СТО 00186217-390-2016 Изм.1,3,4,5,6"
401187678,"30,871",Т,"1191,968",P0,25,2000,6000,БЕЗ ТО,С390П,"ТУ 24.10.35-668-00186217-2022 Изм.1,2"
401187697,"34,195",Т,"1191,968",P0,30,2000,6000,БЕЗ ТО,С390П,"ТУ 24.10.35-668-00186217-2022 Изм.1,2"
401187707,"29,921",Т,"1191,968",P0,35,2000,6000,БЕЗ ТО,С390П,"ТУ 24.10.35-668-00186217-2022 Изм.1,2"
401193366,"50,500",Т,"1191,968",P4,46,4412,10500,БЕЗ ТО,05ГНДБ,"СТО 00186217-578-2021 Изм.1,2"
401192085,"10,000",Т,1164,P0,40,2850,5550,БЕЗ ТО,09Г2С,ГОСТ 19281-2014 ИЗМ 1
401196055,"20,000",Т,1200,P0,50,1400,4000,ТО-1,45ХГСНМА,СТО 00186217-794-2025
401197127,"330,000",Т,1660,P4,9,2218,12020,БЕЗ ТО,К56,СТО 00186217-660-2022 Изм.5
401203538,"2,218",Т,1165,P0,20,2000,7000,ТО-1,09Г2С,ГОСТ 19281-2014 ИЗМ 1
401203672,"3,032",Т,1165,P0,16,2000,6000,ТО-1,09Г2С,ГОСТ 19281-2014 ИЗМ 1
401203096,"2,740",Т,1165,P0,36,1600,6000,ТО-2,09Г2С,ГОСТ 19281-2014 ИЗМ 1
401203711,"2,740",Т,"1162,7",P0,10,1500,6000,ТО-1,20К,"ГОСТ 5520-2017 Попр.1,2,3"
401205765,"11,424",Т,"1118,9",P0,20,1500,6000,БЕЗ ТО,Ст3сп,ГОСТ 14637-2024
401207843,"3,411",Т,"1118,9",P0,16,1500,6000,БЕЗ ТО,Ст3сп,ГОСТ 14637-2024
401207918,"4,284",Т,"1118,9",P0,20,1500,6000,БЕЗ ТО,Ст3сп,ГОСТ 14637-2024
401207834,"2,556",Т,1165,P0,12,1500,6000,ТО-1,09Г2С,ГОСТ 19281-2014 ИЗМ 1
401207844,"2,982",Т,"1118,9",P0,14,1500,6000,БЕЗ ТО,Ст3сп,ГОСТ 14637-2024
401209714,"2,856",Т,1165,P0,20,1500,6000,ТО-1,09Г2С,ГОСТ 19281-2014 ИЗМ 1
401212775,"8,368",Т,1165,P0,30,2310,7630,ТО-2,10ХСНД,ГОСТ 19281-2014 ИЗМ 1
401212971,"2,840",Т,1165,P0,10,1500,6000,ТО-1,09Г2С,ГОСТ 19281-2014 ИЗМ 1
401213020,"5,710",Т,"1118,9",P0,40,1500,6000,ТО-1,Ст3сп,ГОСТ 14637-2024
401215091,"6,574",Т,1165,P0,26,1900,8400,ТО-2,10ХСНД,ГОСТ 19281-2014 ИЗМ 1
401215112,"2,274",Т,"1118,9",P0,16,1500,6000,БЕЗ ТО,Ст3сп,ГОСТ 14637-2024
401201952,"33,552",Т,"1191,968",P4,46,4412,10500,БЕЗ ТО,05ГНДБ,"СТО 00186217-578-2021 Изм.1,2"
401201874,"15,054",Т,"1191,968",P4,46,1800,11500,БЕЗ ТО,05ГНДБ,"СТО 00186217-578-2021 Изм.1,2"
401201875,"16,347",Т,"1191,968",P4,65,2200,4800,БЕЗ ТО,05ГНДБ,"СТО 00186217-578-2021 Изм.1,2"
401202016,"41,456",Т,"1191,968",P4,85,2700,5700,БЕЗ ТО,05ГНДБ,"СТО 00186217-578-2021 Изм.1,2"
401202388,"10,730",Т,1164,P0,32,2630,8100,БЕЗ ТО,10ХСНД,ГОСТ 19281-2014 ИЗМ 1
401205162,"16,400",Т,1160,P0,100,2250,4600,БЕЗ ТО,Ст3сп,ГОСТ 14637-2024
401207827,"5,000",Т,"1164,9",P4,14,3770,12000,БЕЗ ТО,К60,СТО 00186217-361-2024
401207933,"7,800",Т,1148,P4,19,4340,12000,БЕЗ ТО,К60,СТО 00186217-361-2024
401214809,"124,300",Т,"1433,1",P0,9,2010,8050,ТО-1,С345,"СТО 00186217-390-2016 Изм.1,3,4,5,6"
401214765,"12,800",Т,"1433,1",P0,10,2010,8050,ТО-1,С345,"СТО 00186217-390-2016 Изм.1,3,4,5,6"
401213159,"82,800",Т,"1433,1",P0,12,2010,8050,ТО-1,С345,"СТО 00186217-390-2016 Изм.1,3,4,5,6"
401214973,"142,000",Т,"1433,1",P0,12,2000,8050,ТО-1,С345,"СТО 00186217-390-2016 Изм.1,3,4,5,6"